"filename","listnumber","assignmentid","hitid","workerid","origin","timestamp","partid","answer","clipid","questiontype","questionid","questiontext","answer1","answer2","answer3","answer4","correctanswer","img","id"
"nathan4-rand-imgs-noheaders.csv","","NOT AVAILABLE","NOT AVAILABLE","test","PROLIFIC","09-Jul-2026 09:26:51","14746","""{\""answer\"":\""Grocery stores\"",\""RT\"":1534,\""timeout\"":0,\""feedback\"":{\""seenBefore\"":\""No\"",\""anyProblems\"":\""No\"",\""problemDescription\"":\""\"",\""comments\"":\""\""}}""","1","control","1","What type of businesses are around the antique shop?","Antique shops","International restaurants","Bars","Grocery stores","Bars","none.png","2242586"
"nathan4-rand-imgs-noheaders.csv","","NOT AVAILABLE","NOT AVAILABLE","testRedirect","PROLIFIC","09-Jul-2026 09:44:09","14746","""{\""answer\"":\""Grocery stores\"",\""RT\"":863,\""timeout\"":0,\""feedback\"":{\""seenBefore\"":\""No\"",\""anyProblems\"":\""No\"",\""problemDescription\"":\""\"",\""comments\"":\""\""}}""","1","control","1","What type of businesses are around the antique shop?","Antique shops","International restaurants","Bars","Grocery stores","Bars","none.png","2242681"
"nathan4-rand-imgs-noheaders.csv","","NOT AVAILABLE","NOT AVAILABLE","test","PROLIFIC","09-Jul-2026 09:26:51","14746","""{\""answer\"":\""Agitated\"",\""timeout\"":0,\""videoLoadFailed\"":true,\""RT\"":1055}""","3","emotion","10","How does Emily feel about Nathan's plan?","Reluctant","Intrigued","Enthusiastic","Agitated","Reluctant","emily&nathan.png","2242595"
"nathan4-rand-imgs-noheaders.csv","","NOT AVAILABLE","NOT AVAILABLE","testRedirect","PROLIFIC","09-Jul-2026 09:44:09","14746","""{\""answer\"":\""Agitated\"",\""timeout\"":0,\""videoLoadFailed\"":true,\""RT\"":970}""","3","emotion","10","How does Emily feel about Nathan's plan?","Reluctant","Intrigued","Enthusiastic","Agitated","Reluctant","emily&nathan.png","2242690"
"nathan4-rand-imgs-noheaders.csv","","NOT AVAILABLE","NOT AVAILABLE","test","PROLIFIC","09-Jul-2026 09:26:51","14746","""{\""answer\"":\""He wants Emily to have company when she is open late\"",\""timeout\"":0,\""videoLoadFailed\"":true,\""RT\"":412}""","3","motivation","11","Why does Nathan want drunk customers in Emily's store?","So Emily can have more people in the store","Because they are likely to break her merchandise","He thinks drunk customers will want to spend more money","He wants Emily to have company when she is open late","Because they are likely to break her merchandise","emily&nathan.png","2242596"
"nathan4-rand-imgs-noheaders.csv","","NOT AVAILABLE","NOT AVAILABLE","testRedirect","PROLIFIC","09-Jul-2026 09:44:09","14746","""{\""answer\"":\""He wants Emily to have company when she is open late\"",\""timeout\"":0,\""videoLoadFailed\"":true,\""RT\"":474}""","3","motivation","11","Why does Nathan want drunk customers in Emily's store?","So Emily can have more people in the store","Because they are likely to break her merchandise","He thinks drunk customers will want to spend more money","He wants Emily to have company when she is open late","Because they are likely to break her merchandise","emily&nathan.png","2242691"
"nathan4-rand-imgs-noheaders.csv","","NOT AVAILABLE","NOT AVAILABLE","test","PROLIFIC","09-Jul-2026 09:26:51","14746","""{\""answer\"":\""Yes, Nathan's plan for people to break things so they have to buy them is inappropriate\"",\""timeout\"":0,\""videoLoadFailed\"":true,\""RT\"":935}""","3","social_norm_violation","12","Did someone say or do something inappropriate in this clip?","No, there was nothing inappropriate in this clip","Yes, Nathan's plan for people to break things so they have to buy them is inappropriate","Yes, it is inappropriate to make Emily work longer days","Yes, Emily did not appreciate Nathan's help","Yes, Nathan's plan for people to break things so they have to buy them is inappropriate","emily&nathan.png","2242597"
"nathan4-rand-imgs-noheaders.csv","","NOT AVAILABLE","NOT AVAILABLE","testRedirect","PROLIFIC","09-Jul-2026 09:44:09","14746","""{\""answer\"":\""Yes, Nathan's plan for people to break things so they have to buy them is inappropriate\"",\""timeout\"":0,\""videoLoadFailed\"":true,\""RT\"":585}""","3","social_norm_violation","12","Did someone say or do something inappropriate in this clip?","No, there was nothing inappropriate in this clip","Yes, Nathan's plan for people to break things so they have to buy them is inappropriate","Yes, it is inappropriate to make Emily work longer days","Yes, Emily did not appreciate Nathan's help","Yes, Nathan's plan for people to break things so they have to buy them is inappropriate","emily&nathan.png","2242692"
"nathan4-rand-imgs-noheaders.csv","","NOT AVAILABLE","NOT AVAILABLE","test","PROLIFIC","09-Jul-2026 09:26:51","14746","""{\""answer\"":\""They would want to spend a lot of money\"",\""timeout\"":0,\""videoLoadFailed\"":true,\""RT\"":955}""","4","motivation","13","Why does Nathan want the right drunk to come in Emily's shop?","To convince Emily of his plan","They are more likely to break, then have to buy, a lot of items","To get them interested in antiques","They would want to spend a lot of money","They are more likely to break, then have to buy, a lot of items","emily&nathan.png","2242598"
"nathan4-rand-imgs-noheaders.csv","","NOT AVAILABLE","NOT AVAILABLE","testRedirect","PROLIFIC","09-Jul-2026 09:44:09","14746","""{\""answer\"":\""They would want to spend a lot of money\"",\""timeout\"":0,\""videoLoadFailed\"":true,\""RT\"":801}""","4","motivation","13","Why does Nathan want the right drunk to come in Emily's shop?","To convince Emily of his plan","They are more likely to break, then have to buy, a lot of items","To get them interested in antiques","They would want to spend a lot of money","They are more likely to break, then have to buy, a lot of items","emily&nathan.png","2242693"
"nathan4-rand-imgs-noheaders.csv","","NOT AVAILABLE","NOT AVAILABLE","test","PROLIFIC","09-Jul-2026 09:26:51","14746","""{\""answer\"":\""Yes, Emily does not want to work late at night\"",\""timeout\"":0,\""videoLoadFailed\"":true,\""RT\"":765}""","4","social_norm_violation","14","Did something awkward happen in this clip?","Yes, Emily is uneasy by the plan, and Nathan does not notice","No, Nathan thinks Emily's business is doing well","No, Emily and Nathan are both excited about the plan","Yes, Emily does not want to work late at night","Yes, Emily is uneasy by the plan, and Nathan does 
not notice","emily&nathan.png","2242599"
"nathan4-rand-imgs-noheaders.csv","","NOT AVAILABLE","NOT AVAILABLE","testRedirect","PROLIFIC","09-Jul-2026 09:44:09","14746","""{\""answer\"":\""Yes, Emily does not want to work late at night\"",\""timeout\"":0,\""videoLoadFailed\"":true,\""RT\"":746}""","4","social_norm_violation","14","Did something awkward happen in this clip?","Yes, Emily is uneasy by the plan, and Nathan does not notice","No, Nathan thinks Emily's business is doing well","No, Emily and Nathan are both excited about the plan","Yes, Emily does not want to work late at night","Yes, Emily is uneasy by the plan, and Nathan does 
not notice","emily&nathan.png","2242694"
"nathan4-rand-imgs-noheaders.csv","","NOT AVAILABLE","NOT AVAILABLE","test","PROLIFIC","09-Jul-2026 09:26:51","14746","""{\""answer\"":\""She is not enthusiastic about the idea\"",\""timeout\"":0,\""videoLoadFailed\"":true,\""RT\"":475}""","4","emotion","15","How does Emily feel about selling broken items?","She loves the idea","She is frustrated by the idea","She is sorry she didn't think of it first","She is not enthusiastic about the idea","She is not enthusiastic about the idea","emily.png","2242600"
"nathan4-rand-imgs-noheaders.csv","","NOT AVAILABLE","NOT AVAILABLE","testRedirect","PROLIFIC","09-Jul-2026 09:44:09","14746","""{\""answer\"":\""She is not enthusiastic about the idea\"",\""timeout\"":0,\""videoLoadFailed\"":true,\""RT\"":668}""","4","emotion","15","How does Emily feel about selling broken items?","She loves the idea","She is frustrated by the idea","She is sorry she didn't think of it first","She is not enthusiastic about the idea","She is not enthusiastic about the idea","emily.png","2242695"
"nathan4-rand-imgs-noheaders.csv","","NOT AVAILABLE","NOT AVAILABLE","test","PROLIFIC","09-Jul-2026 09:26:51","14746","""{\""answer\"":\""Yes, Nathan said some of Emily's items aren't worth buying\"",\""timeout\"":0,\""videoLoadFailed\"":true,\""RT\"":429}""","4","social_norm_violation","16","Did someone say something inappropriate?","No, a sale is a sale","No, Nathan and Emily agree","Yes, Emily says she would prefer not to sell broken items","Yes, Nathan said some of Emily's items aren't worth buying","Yes, Nathan said some of Emily's items aren't worth buying","emily&nathan.png","2242601"
"nathan4-rand-imgs-noheaders.csv","","NOT AVAILABLE","NOT AVAILABLE","testRedirect","PROLIFIC","09-Jul-2026 09:44:09","14746","""{\""answer\"":\""Yes, Nathan said some of Emily's items aren't worth buying\"",\""timeout\"":0,\""videoLoadFailed\"":true,\""RT\"":512}""","4","social_norm_violation","16","Did someone say something inappropriate?","No, a sale is a sale","No, Nathan and Emily agree","Yes, Emily says she would prefer not to sell broken items","Yes, Nathan said some of Emily's items aren't worth buying","Yes, Nathan said some of Emily's items aren't worth buying","emily&nathan.png","2242696"
"nathan4-rand-imgs-noheaders.csv","","NOT AVAILABLE","NOT AVAILABLE","test","PROLIFIC","09-Jul-2026 09:26:51","14746","""{\""answer\"":\""He thinks they are attractive\"",\""timeout\"":0,\""videoLoadFailed\"":true,\""RT\"":582}""","4","infer_belief","17","What does Nathan think about some of the items in Emily's store?","He thinks they are underpriced","He thinks they are in high demand","He thinks they are attractive","He thinks some of them aren't worth buying","He thinks some of them aren't worth buying","emily&nathan.png","2242602"
"nathan4-rand-imgs-noheaders.csv","","NOT AVAILABLE","NOT AVAILABLE","testRedirect","PROLIFIC","09-Jul-2026 09:44:09","14746","""{\""answer\"":\""He thinks they are attractive\"",\""timeout\"":0,\""videoLoadFailed\"":true,\""RT\"":603}""","4","infer_belief","17","What does Nathan think about some of the items in Emily's store?","He thinks they are underpriced","He thinks they are in high demand","He thinks they are attractive","He thinks some of them aren't worth buying","He thinks some of them aren't worth buying","emily&nathan.png","2242697"
"nathan4-rand-imgs-noheaders.csv","","NOT AVAILABLE","NOT AVAILABLE","test","PROLIFIC","09-Jul-2026 09:26:51","14746","""{\""answer\"":\""She is amused\"",\""timeout\"":0,\""videoLoadFailed\"":true,\""RT\"":663}""","4","emotion","18","How does Emily feel when Nathan says that some items wouldn't sell unless broken?","She is offended","She is confused","She is irritated","She is amused","She is offended","emily&nathan.png","2242603"
"nathan4-rand-imgs-noheaders.csv","","NOT AVAILABLE","NOT AVAILABLE","testRedirect","PROLIFIC","09-Jul-2026 09:44:09","14746","""{\""answer\"":\""She is irritated\"",\""timeout\"":0,\""videoLoadFailed\"":true,\""RT\"":640}""","4","emotion","18","How does Emily feel when Nathan says that some items wouldn't sell unless broken?","She is offended","She is confused","She is irritated","She is amused","She is offended","emily&nathan.png","2242698"
"nathan4-rand-imgs-noheaders.csv","","NOT AVAILABLE","NOT AVAILABLE","test","PROLIFIC","09-Jul-2026 09:26:51","14746","""{\""answer\"":\""To allow space to showcase more items\"",\""timeout\"":0,\""videoLoadFailed\"":true,\""RT\"":762}""","5","motivation","19","Why did Nathan narrow the aisles?","To increase the likelihood that people would break the items","To confuse people when they enter the store","To make space for a bar","To allow space to showcase more items","To increase the likelihood that people would break the items","nathan.png","2242604"
"nathan4-rand-imgs-noheaders.csv","","NOT AVAILABLE","NOT AVAILABLE","testRedirect","PROLIFIC","09-Jul-2026 09:44:09","14746","""{\""answer\"":\""To allow space to showcase more items\"",\""timeout\"":0,\""videoLoadFailed\"":true,\""RT\"":863}""","5","motivation","19","Why did Nathan narrow the aisles?","To increase the likelihood that people would break the items","To confuse people when they enter the store","To make space for a bar","To allow space to showcase more items","To increase the likelihood that people would break the items","nathan.png","2242699"
"nathan4-rand-imgs-noheaders.csv","","NOT AVAILABLE","NOT AVAILABLE","test","PROLIFIC","09-Jul-2026 09:26:51","14746","""{\""answer\"":\""She does not have a lot of customers\"",\""RT\"":704,\""timeout\"":0}""","1","control","2","What is Emily's business problem?","She sells poor quality goods","She cannot hire enough help","She does not like to drink","She does not have a lot of customers","She does not have a lot of customers","emily.png","2242587"
"nathan4-rand-imgs-noheaders.csv","","NOT AVAILABLE","NOT AVAILABLE","testRedirect","PROLIFIC","09-Jul-2026 09:44:09","14746","""{\""answer\"":\""She does not have a lot of customers\"",\""RT\"":419,\""timeout\"":0}""","1","control","2","What is Emily's business problem?","She sells poor quality goods","She cannot hire enough help","She does not like to drink","She does not have a lot of customers","She does not have a lot of customers","emily.png","2242682"
"nathan4-rand-imgs-noheaders.csv","","NOT AVAILABLE","NOT AVAILABLE","test","PROLIFIC","09-Jul-2026 09:26:51","14746","""{\""answer\"":\""In different aisles\"",\""timeout\"":0,\""videoLoadFailed\"":true,\""RT\"":451}""","5","control","20","Where did he put her poorer selling items?","On the edge of shelves","In the front of the store","On the floor","In different aisles","On the edge of shelves","nathan.png","2242605"
"nathan4-rand-imgs-noheaders.csv","","NOT AVAILABLE","NOT AVAILABLE","testRedirect","PROLIFIC","09-Jul-2026 09:44:09","14746","""{\""answer\"":\""In different aisles\"",\""timeout\"":0,\""videoLoadFailed\"":true,\""RT\"":965}""","5","control","20","Where did he put her poorer selling items?","On the edge of shelves","In the front of the store","On the floor","In different aisles","On the edge of shelves","nathan.png","2242700"
"nathan4-rand-imgs-noheaders.csv","","NOT AVAILABLE","NOT AVAILABLE","test","PROLIFIC","09-Jul-2026 09:26:51","14746","""{\""answer\"":\""To make them easier to reach\"",\""timeout\"":0,\""videoLoadFailed\"":true,\""RT\"":416}""","5","motivation","21","Why did Nathan move Emily's poorer selling items?","To hide items that sell easily","To make them easier to break","To get people to notice them","To make them easier to reach","To make them easier to break","emily&nathan.png","2242606"
"nathan4-rand-imgs-noheaders.csv","","NOT AVAILABLE","NOT AVAILABLE","testRedirect","PROLIFIC","09-Jul-2026 09:44:09","14746","""{\""answer\"":\""To make them easier to reach\"",\""timeout\"":0,\""videoLoadFailed\"":true,\""RT\"":471}""","5","motivation","21","Why did Nathan move Emily's poorer selling items?","To hide items that sell easily","To make them easier to break","To get people to notice them","To make them easier to reach","To make them easier to break","emily&nathan.png","2242701"
"nathan4-rand-imgs-noheaders.csv","","NOT AVAILABLE","NOT AVAILABLE","test","PROLIFIC","09-Jul-2026 09:26:51","14746","""{\""answer\"":\""So he could have a drink\"",\""timeout\"":0,\""videoLoadFailed\"":true,\""RT\"":851}""","6","control","22","Why did Nathan say he wanted to guarantee Emily saw results that evening?","So she would not have to sell broken items","So she could sell undesirable items","So she would use his plan","So he could have a drink","So she would use his plan","emily&nathan.png","2242607"
"nathan4-rand-imgs-noheaders.csv","","NOT AVAILABLE","NOT AVAILABLE","testRedirect","PROLIFIC","09-Jul-2026 09:44:09","14746","""{\""answer\"":\""So he could have a drink\"",\""timeout\"":0,\""videoLoadFailed\"":true,\""RT\"":996}""","6","control","22","Why did Nathan say he wanted to guarantee Emily saw results that evening?","So she would not have to sell broken items","So she could sell undesirable items","So she would use his plan","So he could have a drink","So she would use his plan","emily&nathan.png","2242702"
"nathan4-rand-imgs-noheaders.csv","","NOT AVAILABLE","NOT AVAILABLE","test","PROLIFIC","09-Jul-2026 09:26:51","14746","""{\""answer\"":\""To ask the owners about their business success\"",\""timeout\"":0,\""videoLoadFailed\"":true,\""RT\"":756}""","6","motivation","23","Why did Nathan head to a nearby bar?","To find someone drunk to take to the store","To have a drink after the long day","To find a nice place to show Emily","To ask the owners about their business success","To find someone drunk to take to the store","nathan.png","2242608"
"nathan4-rand-imgs-noheaders.csv","","NOT AVAILABLE","NOT AVAILABLE","testRedirect","PROLIFIC","09-Jul-2026 09:44:09","14746","""{\""answer\"":\""To ask the owners about their business success\"",\""timeout\"":0,\""videoLoadFailed\"":true,\""RT\"":771}""","6","motivation","23","Why did Nathan head to a nearby bar?","To find someone drunk to take to the store","To have a drink after the long day","To find a nice place to show Emily","To ask the owners about their business success","To find someone drunk to take to the store","nathan.png","2242703"
"nathan4-rand-imgs-noheaders.csv","","NOT AVAILABLE","NOT AVAILABLE","test","PROLIFIC","09-Jul-2026 09:26:51","14746","""{\""answer\"":\""Someone who would have a drink with him\"",\""timeout\"":0,\""videoLoadFailed\"":true,\""RT\"":773}""","7","motivation","24","What type of patron did Nathan want to befriend?","Someone who wanted to chat with him about his plan","Someone he thought he would be able to fool","Someone who likes antiques","Someone who would have a drink with him","Someone he thought he would be able to fool","nathan-bar.png","2242609"
"nathan4-rand-imgs-noheaders.csv","","NOT AVAILABLE","NOT AVAILABLE","testRedirect","PROLIFIC","09-Jul-2026 09:44:09","14746","""{\""answer\"":\""Someone who would have a drink with him\"",\""timeout\"":0,\""videoLoadFailed\"":true,\""RT\"":789}""","7","motivation","24","What type of patron did Nathan want to befriend?","Someone who wanted to chat with him about his plan","Someone he thought he would be able to fool","Someone who likes antiques","Someone who would have a drink with him","Someone he thought he would be able to fool","nathan-bar.png","2242704"
"nathan4-rand-imgs-noheaders.csv","","NOT AVAILABLE","NOT AVAILABLE","test","PROLIFIC","09-Jul-2026 09:26:51","14746","""{\""answer\"":\""No, Nathan and the locals had fun\"",\""timeout\"":0,\""videoLoadFailed\"":true,\""RT\"":447}""","7","social_norm_violation","25","Did something awkward happen in this clip?","No, there was nothing awkward","Yes, Nathan did not have a drink","Yes, the locals didn't want to talk to Nathan","No, Nathan and the locals had fun","Yes, the locals didn't want to talk to Nathan","nathan-bar.png","2242610"
"nathan4-rand-imgs-noheaders.csv","","NOT AVAILABLE","NOT AVAILABLE","testRedirect","PROLIFIC","09-Jul-2026 09:44:09","14746","""{\""answer\"":\""No, Nathan and the locals had fun\"",\""timeout\"":0,\""videoLoadFailed\"":true,\""RT\"":486}""","7","social_norm_violation","25","Did something awkward happen in this clip?","No, there was nothing awkward","Yes, Nathan did not have a drink","Yes, the locals didn't want to talk to Nathan","No, Nathan and the locals had fun","Yes, the locals didn't want to talk to Nathan","nathan-bar.png","2242705"
"nathan4-rand-imgs-noheaders.csv","","NOT AVAILABLE","NOT AVAILABLE","test","PROLIFIC","09-Jul-2026 09:26:51","14746","""{\""answer\"":\""No favorite\"",\""timeout\"":0,\""videoLoadFailed\"":true,\""RT\"":829}""","8","control","26","What does the JJ say is his favorite movie?","Antique Store","Forrest Gump","Inception","No favorite","Forrest Gump","jj-bar.png","2242611"
"nathan4-rand-imgs-noheaders.csv","","NOT AVAILABLE","NOT AVAILABLE","testRedirect","PROLIFIC","09-Jul-2026 09:44:09","14746","""{\""answer\"":\""No favorite\"",\""timeout\"":0,\""videoLoadFailed\"":true,\""RT\"":1148}""","8","control","26","What does the JJ say is his favorite movie?","Antique Store","Forrest Gump","Inception","No favorite","Forrest Gump","jj-bar.png","2242706"
"nathan4-rand-imgs-noheaders.csv","","NOT AVAILABLE","NOT AVAILABLE","test","PROLIFIC","09-Jul-2026 09:26:51","14746","""{\""answer\"":\""Because Nathan hopes JJ will buy him a drink\"",\""timeout\"":0,\""videoLoadFailed\"":true,\""RT\"":462}""","8","infer_belief","27","Why does JJ think Nathan is talking to him?","Because Nathan sells antiques","Because Nathan wants to borrow JJ's sunglasses","Because JJ thinks Nathan is friendly","Because Nathan hopes JJ will buy him a drink","Because JJ thinks Nathan is friendly","nathan&jj-bar.png","2242612"
"nathan4-rand-imgs-noheaders.csv","","NOT AVAILABLE","NOT AVAILABLE","testRedirect","PROLIFIC","09-Jul-2026 09:44:09","14746","""{\""answer\"":\""Because Nathan hopes JJ will buy him a drink\"",\""timeout\"":0,\""videoLoadFailed\"":true,\""RT\"":481}""","8","infer_belief","27","Why does JJ think Nathan is talking to him?","Because Nathan sells antiques","Because Nathan wants to borrow JJ's sunglasses","Because JJ thinks Nathan is friendly","Because Nathan hopes JJ will buy him a drink","Because JJ thinks Nathan is friendly","nathan&jj-bar.png","2242707"
"nathan4-rand-imgs-noheaders.csv","","NOT AVAILABLE","NOT AVAILABLE","test","PROLIFIC","09-Jul-2026 09:26:51","14746","""{\""answer\"":\""Nathan thinks JJ would be easy to fool\"",\""timeout\"":0,\""videoLoadFailed\"":true,\""RT\"":461}""","8","deception","28","Why is Nathan actually talking to JJ?","Nathan thinks JJ is an interesting person","Nathan thinks JJ would like antiques","Nathan is friendly","Nathan thinks JJ would be easy to fool","Nathan thinks JJ would be easy to fool","nathan&jj-bar.png","2242613"
"nathan4-rand-imgs-noheaders.csv","","NOT AVAILABLE","NOT AVAILABLE","testRedirect","PROLIFIC","09-Jul-2026 09:44:09","14746","""{\""answer\"":\""Nathan thinks JJ would be easy to fool\"",\""timeout\"":0,\""videoLoadFailed\"":true,\""RT\"":481}""","8","deception","28","Why is Nathan actually talking to JJ?","Nathan thinks JJ is an interesting person","Nathan thinks JJ would like antiques","Nathan is friendly","Nathan thinks JJ would be easy to fool","Nathan thinks JJ would be easy to fool","nathan&jj-bar.png","2242708"
"nathan4-rand-imgs-noheaders.csv","","NOT AVAILABLE","NOT AVAILABLE","test","PROLIFIC","09-Jul-2026 09:26:51","14746","""{\""answer\"":\""So he can keep his focus\"",\""timeout\"":0,\""videoLoadFailed\"":true,\""RT\"":490}""","8","motivation","29","Why does Nathan want to stay sober?","So he can enjoy listening to JJ","So he does not give the bar more business","So he can drive JJ home","So he can keep his focus","So he can keep his focus","nathan&jj-bar.png","2242614"
"nathan4-rand-imgs-noheaders.csv","","NOT AVAILABLE","NOT AVAILABLE","testRedirect","PROLIFIC","09-Jul-2026 09:44:09","14746","""{\""answer\"":\""So he can keep his focus\"",\""timeout\"":0,\""videoLoadFailed\"":true,\""RT\"":547}""","8","motivation","29","Why does Nathan want to stay sober?","So he can enjoy listening to JJ","So he does not give the bar more business","So he can drive JJ home","So he can keep his focus","So he can keep his focus","nathan&jj-bar.png","2242709"
"nathan4-rand-imgs-noheaders.csv","","NOT AVAILABLE","NOT AVAILABLE","test","PROLIFIC","09-Jul-2026 09:26:51","14746","""{\""answer\"":\""Magnolia & Willow\"",\""RT\"":441,\""timeout\"":0}""","1","control","3","What is the name of Emily's business?","P.B.S. Pub & Company","Sport Bar","til 2 Club","Magnolia & Willow","Magnolia & Willow","emily.png","2242588"
"nathan4-rand-imgs-noheaders.csv","","NOT AVAILABLE","NOT AVAILABLE","testRedirect","PROLIFIC","09-Jul-2026 09:44:09","14746","""{\""answer\"":\""Magnolia & Willow\"",\""RT\"":414,\""timeout\"":0}""","1","control","3","What is the name of Emily's business?","P.B.S. Pub & Company","Sport Bar","til 2 Club","Magnolia & Willow","Magnolia & Willow","emily.png","2242683"
"nathan4-rand-imgs-noheaders.csv","","NOT AVAILABLE","NOT AVAILABLE","test","PROLIFIC","09-Jul-2026 09:26:51","14746","""{\""answer\"":\""Beer\"",\""timeout\"":0,\""videoLoadFailed\"":true,\""RT\"":823}""","9","control","30","What is Nathan drinking?","Apple juice","Water","Liquor","Beer","Apple juice","nathan-bar.png","2242615"
"nathan4-rand-imgs-noheaders.csv","","NOT AVAILABLE","NOT AVAILABLE","testRedirect","PROLIFIC","09-Jul-2026 09:44:09","14746","""{\""answer\"":\""Beer\"",\""timeout\"":0,\""videoLoadFailed\"":true,\""RT\"":836}""","9","control","30","What is Nathan drinking?","Apple juice","Water","Liquor","Beer","Apple juice","nathan-bar.png","2242710"
"nathan4-rand-imgs-noheaders.csv","","NOT AVAILABLE","NOT AVAILABLE","test","PROLIFIC","09-Jul-2026 09:26:51","14746","""{\""answer\"":\""Nathan wants to stay sober, but encourage JJ to drink\"",\""timeout\"":0,\""videoLoadFailed\"":true,\""RT\"":523}""","9","deception","31","Why did Nathan want his glass to be refilled with apple juice?","Nathan prefers the taste of apple juice","Nathan did not want to pay for alcohol","Nathan wants to stay sober, but encourage JJ to drink","Nathan wants to use the device he had made","Nathan wants to stay sober, but encourage JJ to drink","nathan-bar.png","2242616"
"nathan4-rand-imgs-noheaders.csv","","NOT AVAILABLE","NOT AVAILABLE","testRedirect","PROLIFIC","09-Jul-2026 09:44:09","14746","""{\""answer\"":\""Nathan wants to stay sober, but encourage JJ to drink\"",\""timeout\"":0,\""videoLoadFailed\"":true,\""RT\"":552}""","9","deception","31","Why did Nathan want his glass to be refilled with apple juice?","Nathan prefers the taste of apple juice","Nathan did not want to pay for alcohol","Nathan wants to stay sober, but encourage JJ to drink","Nathan wants to use the device he had made","Nathan wants to stay sober, but encourage JJ to drink","nathan-bar.png","2242711"
"nathan4-rand-imgs-noheaders.csv","","NOT AVAILABLE","NOT AVAILABLE","test","PROLIFIC","09-Jul-2026 09:26:51","14746","""{\""answer\"":\""Water\"",\""timeout\"":0,\""videoLoadFailed\"":true,\""RT\"":517}""","9","infer_belief","32","What does JJ think Nathan is drinking?","Apple juice","Beer","Liquor","Water","Liquor","nathan&jj-bar.png","2242617"
"nathan4-rand-imgs-noheaders.csv","","NOT AVAILABLE","NOT AVAILABLE","testRedirect","PROLIFIC","09-Jul-2026 09:44:09","14746","""{\""answer\"":\""Water\"",\""timeout\"":0,\""videoLoadFailed\"":true,\""RT\"":600}""","9","infer_belief","32","What does JJ think Nathan is drinking?","Apple juice","Beer","Liquor","Water","Liquor","nathan&jj-bar.png","2242712"
"nathan4-rand-imgs-noheaders.csv","","NOT AVAILABLE","NOT AVAILABLE","test","PROLIFIC","09-Jul-2026 09:26:51","14746","""{\""answer\"":\""A recipe\"",\""timeout\"":0,\""videoLoadFailed\"":true,\""RT\"":1328}""","10","control","33","What did JJ's roommates put in his pocket?","A shopping list","His address","Money","A recipe","His address","nathan&jj-bar.png","2242618"
"nathan4-rand-imgs-noheaders.csv","","NOT AVAILABLE","NOT AVAILABLE","testRedirect","PROLIFIC","09-Jul-2026 09:44:09","14746","""{\""answer\"":\""A recipe\"",\""timeout\"":0,\""videoLoadFailed\"":true,\""RT\"":838}""","10","control","33","What did JJ's roommates put in his pocket?","A shopping list","His address","Money","A recipe","His address","nathan&jj-bar.png","2242713"
"nathan4-rand-imgs-noheaders.csv","","NOT AVAILABLE","NOT AVAILABLE","test","PROLIFIC","09-Jul-2026 09:26:51","14746","""{\""answer\"":\""Yes, Nathan should have shown JJ his address too\"",\""timeout\"":0,\""videoLoadFailed\"":true,\""RT\"":455}""","10","social_norm_violation","34","Did something awkward happen in this clip?","No, Nathan decided it was time to leave when JJ got tipsy","Yes, JJ tells Nathan he gets drunk every night","No, Nathan and JJ enjoyed each other's company","Yes, Nathan should have shown JJ his address too","Yes, JJ tells Nathan he gets drunk every night","nathan&jj-bar.png","2242619"
"nathan4-rand-imgs-noheaders.csv","","NOT AVAILABLE","NOT AVAILABLE","testRedirect","PROLIFIC","09-Jul-2026 09:44:09","14746","""{\""answer\"":\""No, Nathan and JJ enjoyed each other's company\"",\""timeout\"":0,\""videoLoadFailed\"":true,\""RT\"":525}""","10","social_norm_violation","34","Did something awkward happen in this clip?","No, Nathan decided it was time to leave when JJ got tipsy","Yes, JJ tells Nathan he gets drunk every night","No, Nathan and JJ enjoyed each other's company","Yes, Nathan should have shown JJ his address too","Yes, JJ tells Nathan he gets drunk every night","nathan&jj-bar.png","2242714"
"nathan4-rand-imgs-noheaders.csv","","NOT AVAILABLE","NOT AVAILABLE","test","PROLIFIC","09-Jul-2026 09:26:51","14746","""{\""answer\"":\""He was tired of spending time with JJ\"",\""timeout\"":0,\""videoLoadFailed\"":true,\""RT\"":446}""","10","infer_belief","35","Why did Nathan think they were ready to head out?","He thought JJ needed to go home","He wanted to see if Emily had gotten any business","He thought JJ was drunk enough to break things in the shop","He was tired of spending time with JJ","He thought JJ was drunk enough to break things in the shop","nathan&jj-bar.png","2242620"
"nathan4-rand-imgs-noheaders.csv","","NOT AVAILABLE","NOT AVAILABLE","testRedirect","PROLIFIC","09-Jul-2026 09:44:09","14746","""{\""answer\"":\""He thought JJ was drunk enough to break things in the shop\"",\""timeout\"":0,\""videoLoadFailed\"":true,\""RT\"":557}""","10","infer_belief","35","Why did Nathan think they were ready to head out?","He thought JJ needed to go home","He wanted to see if Emily had gotten any business","He thought JJ was drunk enough to break things in the shop","He was tired of spending time with JJ","He thought JJ was drunk enough to break things in the shop","nathan&jj-bar.png","2242715"
"nathan4-rand-imgs-noheaders.csv","","NOT AVAILABLE","NOT AVAILABLE","test","PROLIFIC","09-Jul-2026 09:26:51","14746","""{\""answer\"":\""Yes, and Nathan is taking JJ\"",\""timeout\"":0,\""videoLoadFailed\"":true,\""RT\"":894}""","11","deception","36","Is there a costume party?","Yes, but Nathan is going alone","No, but JJ thinks there is","No, and JJ knows that","Yes, and Nathan is taking JJ","No, but JJ thinks there is","nathan&jj-bar-out.png","2242621"
"nathan4-rand-imgs-noheaders.csv","","NOT AVAILABLE","NOT AVAILABLE","testRedirect","PROLIFIC","09-Jul-2026 09:44:09","14746","""{\""answer\"":\""Yes, and Nathan is taking JJ\"",\""timeout\"":0,\""videoLoadFailed\"":true,\""RT\"":827}""","11","deception","36","Is there a costume party?","Yes, but Nathan is going alone","No, but JJ thinks there is","No, and JJ knows that","Yes, and Nathan is taking JJ","No, but JJ thinks there is","nathan&jj-bar-out.png","2242716"
"nathan4-rand-imgs-noheaders.csv","","NOT AVAILABLE","NOT AVAILABLE","test","PROLIFIC","09-Jul-2026 09:26:51","14746","""{\""answer\"":\""They belong to other patrons in the bar\"",\""timeout\"":0,\""videoLoadFailed\"":true,\""RT\"":431}""","11","deception","37","Why are the cameras actually there?","They are recording Nathan's show","To record a documentary on nightlife in Long Beach","They are security cameras for the bar","They belong to other patrons in the bar","They are recording Nathan?s show","nathan&jj-bar-out.png","2242622"
"nathan4-rand-imgs-noheaders.csv","","NOT AVAILABLE","NOT AVAILABLE","testRedirect","PROLIFIC","09-Jul-2026 09:44:09","14746","""{\""answer\"":\""They belong to other patrons in the bar\"",\""timeout\"":0,\""videoLoadFailed\"":true,\""RT\"":491}""","11","deception","37","Why are the cameras actually there?","They are recording Nathan's show","To record a documentary on nightlife in Long Beach","They are security cameras for the bar","They belong to other patrons in the bar","They are recording Nathan?s show","nathan&jj-bar-out.png","2242717"
"nathan4-rand-imgs-noheaders.csv","","NOT AVAILABLE","NOT AVAILABLE","test","PROLIFIC","09-Jul-2026 09:26:51","14746","""{\""answer\"":\""Nathan thought JJ would enjoy it\"",\""timeout\"":0,\""videoLoadFailed\"":true,\""RT\"":463}""","11","deception","38","Why did Nathan tell JJ there was a costume party?","To keep JJ out longer","Nathan likes costume parties","To get JJ wear a bulky outfit","Nathan thought JJ would enjoy it","To get JJ wear a bulky outfit","nathan&jj-bar-out.png","2242623"
"nathan4-rand-imgs-noheaders.csv","","NOT AVAILABLE","NOT AVAILABLE","testRedirect","PROLIFIC","09-Jul-2026 09:44:09","14746","""{\""answer\"":\""Nathan thought JJ would enjoy it\"",\""timeout\"":0,\""videoLoadFailed\"":true,\""RT\"":484}""","11","deception","38","Why did Nathan tell JJ there was a costume party?","To keep JJ out longer","Nathan likes costume parties","To get JJ wear a bulky outfit","Nathan thought JJ would enjoy it","To get JJ wear a bulky outfit","nathan&jj-bar-out.png","2242718"
"nathan4-rand-imgs-noheaders.csv","","NOT AVAILABLE","NOT AVAILABLE","test","PROLIFIC","09-Jul-2026 09:26:51","14746","""{\""answer\"":\""To disguise him from Emily\"",\""timeout\"":0,\""videoLoadFailed\"":true,\""RT\"":455}""","11","motivation","39","Why did Nathan want JJ to wear that specific costume?","To make him look foolish","To keep him warm while they walked","To make JJ more likely to break things in the store","To disguise him from Emily","To make JJ more likely to break things in the store","nathan&jj-bar-out.png","2242624"
"nathan4-rand-imgs-noheaders.csv","","NOT AVAILABLE","NOT AVAILABLE","testRedirect","PROLIFIC","09-Jul-2026 09:44:09","14746","""{\""answer\"":\""To disguise him from Emily\"",\""timeout\"":0,\""videoLoadFailed\"":true,\""RT\"":539}""","11","motivation","39","Why did Nathan want JJ to wear that specific costume?","To make him look foolish","To keep him warm while they walked","To make JJ more likely to break things in the store","To disguise him from Emily","To make JJ more likely to break things in the store","nathan&jj-bar-out.png","2242719"
"nathan4-rand-imgs-noheaders.csv","","NOT AVAILABLE","NOT AVAILABLE","test","PROLIFIC","09-Jul-2026 09:26:51","14746","""{\""answer\"":\""It bothers her\"",\""timeout\"":0,\""videoLoadFailed\"":true,\""RT\"":872}""","2","emotion","4","How does Emily feel about having bars and nightclubs in the area?","It makes her angry","It makes her happy","It does not concern her","It bothers her","It bothers her","emily.png","2242589"
"nathan4-rand-imgs-noheaders.csv","","NOT AVAILABLE","NOT AVAILABLE","testRedirect","PROLIFIC","09-Jul-2026 09:44:09","14746","""{\""answer\"":\""It bothers her\"",\""timeout\"":0,\""videoLoadFailed\"":true,\""RT\"":823}""","2","emotion","4","How does Emily feel about having bars and nightclubs in the area?","It makes her angry","It makes her happy","It does not concern her","It bothers her","It bothers her","emily.png","2242684"
"nathan4-rand-imgs-noheaders.csv","","NOT AVAILABLE","NOT AVAILABLE","test","PROLIFIC","09-Jul-2026 09:26:51","14746","""{\""answer\"":\""Because he was tired of wearing his jacket\"",\""timeout\"":0,\""videoLoadFailed\"":true,\""RT\"":825}""","12","deception","40","Why is Nathan wearing a costume?","To convince JJ that there was a costume party","Because he got his clothes dirty","Because he does not want JJ to look foolish","Because he was tired of wearing his jacket","To convince JJ that there was a costume party","nathan&jj-costume.png","2242625"
"nathan4-rand-imgs-noheaders.csv","","NOT AVAILABLE","NOT AVAILABLE","testRedirect","PROLIFIC","09-Jul-2026 09:44:09","14746","""{\""answer\"":\""Because he was tired of wearing his jacket\"",\""timeout\"":0,\""videoLoadFailed\"":true,\""RT\"":814}""","12","deception","40","Why is Nathan wearing a costume?","To convince JJ that there was a costume party","Because he got his clothes dirty","Because he does not want JJ to look foolish","Because he was tired of wearing his jacket","To convince JJ that there was a costume party","nathan&jj-costume.png","2242720"
"nathan4-rand-imgs-noheaders.csv","","NOT AVAILABLE","NOT AVAILABLE","test","PROLIFIC","09-Jul-2026 09:26:51","14746","""{\""answer\"":\""To expand their inventory\"",\""timeout\"":0,\""videoLoadFailed\"":true,\""RT\"":404}""","12","deception","41","Why does the antique shop advertise free pizza?","To compete with the bar","To draw people into the store","To make the store smell better","To expand their inventory","To draw people into the store","none.png","2242626"
"nathan4-rand-imgs-noheaders.csv","","NOT AVAILABLE","NOT AVAILABLE","testRedirect","PROLIFIC","09-Jul-2026 09:44:09","14746","""{\""answer\"":\""To make the store smell better\"",\""timeout\"":0,\""videoLoadFailed\"":true,\""RT\"":516}""","12","deception","41","Why does the antique shop advertise free pizza?","To compete with the bar","To draw people into the store","To make the store smell better","To expand their inventory","To draw people into the store","none.png","2242721"
"nathan4-rand-imgs-noheaders.csv","","NOT AVAILABLE","NOT AVAILABLE","test","PROLIFIC","09-Jul-2026 09:26:51","14746","""{\""answer\"":\""The cameraman\"",\""timeout\"":0,\""videoLoadFailed\"":true,\""RT\"":443}""","12","infer_belief","42","Who does JJ think put the pizza in the antique shop?","The bar owner","The store owner","Nathan","The cameraman","The store owner","nathan&jj-costume.png","2242627"
"nathan4-rand-imgs-noheaders.csv","","NOT AVAILABLE","NOT AVAILABLE","testRedirect","PROLIFIC","09-Jul-2026 09:44:09","14746","""{\""answer\"":\""Nathan\"",\""timeout\"":0,\""videoLoadFailed\"":true,\""RT\"":552}""","12","infer_belief","42","Who does JJ think put the pizza in the antique shop?","The bar owner","The store owner","Nathan","The cameraman","The store owner","nathan&jj-costume.png","2242722"
"nathan4-rand-imgs-noheaders.csv","","NOT AVAILABLE","NOT AVAILABLE","test","PROLIFIC","09-Jul-2026 09:26:51","14746","""{\""answer\"":\""To help drunk people  sober up\"",\""timeout\"":0,\""videoLoadFailed\"":true,\""RT\"":466}""","12","deception","43","Why is the pizza in the back of the antique shop?","It's a thank you for paying customers","To trick people to walk down the aisle and break  things","As a snack for Emily when she's working late","To help drunk people  sober up","To trick people to walk down the aisle and break  things","none.png","2242628"
"nathan4-rand-imgs-noheaders.csv","","NOT AVAILABLE","NOT AVAILABLE","testRedirect","PROLIFIC","09-Jul-2026 09:44:09","14746","""{\""answer\"":\""To help drunk people  sober up\"",\""timeout\"":0,\""videoLoadFailed\"":true,\""RT\"":1074}""","12","deception","43","Why is the pizza in the back of the antique shop?","It's a thank you for paying customers","To trick people to walk down the aisle and break  things","As a snack for Emily when she's working late","To help drunk people  sober up","To trick people to walk down the aisle and break  things","none.png","2242723"
"nathan4-rand-imgs-noheaders.csv","","NOT AVAILABLE","NOT AVAILABLE","test","PROLIFIC","09-Jul-2026 09:26:51","14746","""{\""answer\"":\""JJ is not looking where he is going\"",\""timeout\"":0,\""videoLoadFailed\"":true,\""RT\"":852}""","13","deception","44","Why does Nathan tell JJ to be careful?","Nathan wants JJ to think he's being supportive","Nathan does not want JJ to eat all the pizza","Nathan doesn't want JJ to break anything","JJ is not looking where he is going","Nathan wants JJ to think he's being supportive","nathan&jj-costume.png","2242629"
"nathan4-rand-imgs-noheaders.csv","","NOT AVAILABLE","NOT AVAILABLE","testRedirect","PROLIFIC","09-Jul-2026 09:44:09","14746","""{\""answer\"":\""JJ is not looking where he is going\"",\""timeout\"":0,\""videoLoadFailed\"":true,\""RT\"":862}""","13","deception","44","Why does Nathan tell JJ to be careful?","Nathan wants JJ to think he's being supportive","Nathan does not want JJ to eat all the pizza","Nathan doesn't want JJ to break anything","JJ is not looking where he is going","Nathan wants JJ to think he's being supportive","nathan&jj-costume.png","2242724"
"nathan4-rand-imgs-noheaders.csv","","NOT AVAILABLE","NOT AVAILABLE","test","PROLIFIC","09-Jul-2026 09:26:51","14746","""{\""answer\"":\""She thinks he will be careful\"",\""timeout\"":0,\""videoLoadFailed\"":true,\""RT\"":425}""","13","infer_belief","45","What does Emily think JJ will do?","She thinks he will eat all the pizza","She thinks he will want to buy antiques","She thinks he will break something","She thinks he will be careful","She thinks he will break something","emily.png","2242630"
"nathan4-rand-imgs-noheaders.csv","","NOT AVAILABLE","NOT AVAILABLE","testRedirect","PROLIFIC","09-Jul-2026 09:44:09","14746","""{\""answer\"":\""She thinks he will be careful\"",\""timeout\"":0,\""videoLoadFailed\"":true,\""RT\"":459}""","13","infer_belief","45","What does Emily think JJ will do?","She thinks he will eat all the pizza","She thinks he will want to buy antiques","She thinks he will break something","She thinks he will be careful","She thinks he will break something","emily.png","2242725"
"nathan4-rand-imgs-noheaders.csv","","NOT AVAILABLE","NOT AVAILABLE","test","PROLIFIC","09-Jul-2026 09:26:51","14746","""{\""answer\"":\""No, Nathan warned JJ to be careful\"",\""timeout\"":0,\""videoLoadFailed\"":true,\""RT\"":457}""","13","social_norm_violation","46","Did something awkward happen?","Yes, JJ does not fit in the aisle","No, Nathan walked into the store with JJ","Yes, Nathan told JJ to be careful","No, Nathan warned JJ to be careful","Yes, JJ does not fit in the aisle","nathan&jj-costume.png","2242631"
"nathan4-rand-imgs-noheaders.csv","","NOT AVAILABLE","NOT AVAILABLE","testRedirect","PROLIFIC","09-Jul-2026 09:44:09","14746","""{\""answer\"":\""No, Nathan warned JJ to be careful\"",\""timeout\"":0,\""videoLoadFailed\"":true,\""RT\"":474}""","13","social_norm_violation","46","Did something awkward happen?","Yes, JJ does not fit in the aisle","No, Nathan walked into the store with JJ","Yes, Nathan told JJ to be careful","No, Nathan warned JJ to be careful","Yes, JJ does not fit in the aisle","nathan&jj-costume.png","2242726"
"nathan4-rand-imgs-noheaders.csv","","NOT AVAILABLE","NOT AVAILABLE","test","PROLIFIC","09-Jul-2026 09:26:51","14746","""{\""answer\"":\""Nathan is worried about JJ\"",\""timeout\"":0,\""videoLoadFailed\"":true,\""RT\"":1044}""","14","deception","47","Why would Nathan ask JJ if he wants the pizza?","Nathan wants JJ to break more things","Nathan thinks JJ is hungry","Nathan wants the pizza","Nathan is worried about JJ","Nathan wants JJ to break more things","nathan&jj-costume.png","2242632"
"nathan4-rand-imgs-noheaders.csv","","NOT AVAILABLE","NOT AVAILABLE","testRedirect","PROLIFIC","09-Jul-2026 09:44:09","14746","""{\""answer\"":\""Nathan is worried about JJ\"",\""timeout\"":0,\""videoLoadFailed\"":true,\""RT\"":794}""","14","deception","47","Why would Nathan ask JJ if he wants the pizza?","Nathan wants JJ to break more things","Nathan thinks JJ is hungry","Nathan wants the pizza","Nathan is worried about JJ","Nathan wants JJ to break more things","nathan&jj-costume.png","2242727"
"nathan4-rand-imgs-noheaders.csv","","NOT AVAILABLE","NOT AVAILABLE","test","PROLIFIC","09-Jul-2026 09:26:51","14746","""{\""answer\"":\""Yes, Nathan did not help JJ\"",\""timeout\"":0,\""videoLoadFailed\"":true,\""RT\"":446}""","14","social_norm_violation","48","Did something awkward happen?","No, Nathan helped JJ","Yes, JJ broke items in the store","No, Emily was happy to make the sale","Yes, Nathan did not help JJ","Yes, JJ broke items in the store","nathan&jj-costume.png","2242633"
"nathan4-rand-imgs-noheaders.csv","","NOT AVAILABLE","NOT AVAILABLE","testRedirect","PROLIFIC","09-Jul-2026 09:44:09","14746","""{\""answer\"":\""Yes, Nathan did not help JJ\"",\""timeout\"":0,\""videoLoadFailed\"":true,\""RT\"":981}""","14","social_norm_violation","48","Did something awkward happen?","No, Nathan helped JJ","Yes, JJ broke items in the store","No, Emily was happy to make the sale","Yes, Nathan did not help JJ","Yes, JJ broke items in the store","nathan&jj-costume.png","2242728"
"nathan4-rand-imgs-noheaders.csv","","NOT AVAILABLE","NOT AVAILABLE","test","PROLIFIC","09-Jul-2026 09:26:51","14746","""{\""answer\"":\""Unhappy\"",\""timeout\"":0,\""videoLoadFailed\"":true,\""RT\"":795}""","14","emotion","49","How does JJ feel about the ""you break it, you buy it"" policy?","Surprised","Angry","Excited","Unhappy","Unhappy","nathan&jj-costume.png","2242634"
"nathan4-rand-imgs-noheaders.csv","","NOT AVAILABLE","NOT AVAILABLE","testRedirect","PROLIFIC","09-Jul-2026 09:44:09","14746","""{\""answer\"":\""Excited\"",\""timeout\"":0,\""videoLoadFailed\"":true,\""RT\"":592}""","14","emotion","49","How does JJ feel about the ""you break it, you buy it"" policy?","Surprised","Angry","Excited","Unhappy","Unhappy","nathan&jj-costume.png","2242729"
"nathan4-rand-imgs-noheaders.csv","","NOT AVAILABLE","NOT AVAILABLE","test","PROLIFIC","09-Jul-2026 09:26:51","14746","""{\""answer\"":\""The bars will run out of alcohol\"",\""timeout\"":0,\""videoLoadFailed\"":true,\""RT\"":445}""","2","infer_belief","5","Why does Emily think overserving (serving too much alcohol) is a problem?","People won't have money left to shop","People might get rowdy or disruptive","The bars become overcrowded","The bars will run out of alcohol","People might get rowdy or disruptive","emily.png","2242590"
"nathan4-rand-imgs-noheaders.csv","","NOT AVAILABLE","NOT AVAILABLE","testRedirect","PROLIFIC","09-Jul-2026 09:44:09","14746","""{\""answer\"":\""The bars will run out of alcohol\"",\""timeout\"":0,\""videoLoadFailed\"":true,\""RT\"":419}""","2","infer_belief","5","Why does Emily think overserving (serving too much alcohol) is a problem?","People won't have money left to shop","People might get rowdy or disruptive","The bars become overcrowded","The bars will run out of alcohol","People might get rowdy or disruptive","emily.png","2242685"
"nathan4-rand-imgs-noheaders.csv","","NOT AVAILABLE","NOT AVAILABLE","test","PROLIFIC","09-Jul-2026 09:26:51","14746","""{\""answer\"":\""She is angry that JJ didn't break more\"",\""timeout\"":0,\""videoLoadFailed\"":true,\""RT\"":837}""","14","emotion","50","How does Emily feel as antiques are being broken?","She is uncomfortable with the situation","She is happy that Nathan's plan is working","She is worried that JJ will not be able to pay her","She is angry that JJ didn't break more","She is uncomfortable with the situation","emily.png","2242635"
"nathan4-rand-imgs-noheaders.csv","","NOT AVAILABLE","NOT AVAILABLE","testRedirect","PROLIFIC","09-Jul-2026 09:44:09","14746","""{\""answer\"":\""She is angry that JJ didn't break more\"",\""timeout\"":0,\""videoLoadFailed\"":true,\""RT\"":855}""","14","emotion","50","How does Emily feel as antiques are being broken?","She is uncomfortable with the situation","She is happy that Nathan's plan is working","She is worried that JJ will not be able to pay her","She is angry that JJ didn't break more","She is uncomfortable with the situation","emily.png","2242730"
"nathan4-rand-imgs-noheaders.csv","","NOT AVAILABLE","NOT AVAILABLE","test","PROLIFIC","09-Jul-2026 09:26:51","14746","""{\""answer\"":\""So JJ would enjoy the pizza\"",\""timeout\"":0,\""videoLoadFailed\"":true,\""RT\"":1032}""","15","deception","51","Why did Nathan tell JJ he was pretty clumsy?","So JJ would not realize Nathan tricked him","Nathan is mad at JJ for breaking so many things","To distract JJ from wanting to take off his costume","So JJ would enjoy the pizza","So JJ would not realize Nathan tricked him","nathan&jj-store2.png","2242636"
"nathan4-rand-imgs-noheaders.csv","","NOT AVAILABLE","NOT AVAILABLE","testRedirect","PROLIFIC","09-Jul-2026 09:44:09","14746","""{\""answer\"":\""So JJ would enjoy the pizza\"",\""timeout\"":0,\""videoLoadFailed\"":true,\""RT\"":893}""","15","deception","51","Why did Nathan tell JJ he was pretty clumsy?","So JJ would not realize Nathan tricked him","Nathan is mad at JJ for breaking so many things","To distract JJ from wanting to take off his costume","So JJ would enjoy the pizza","So JJ would not realize Nathan tricked him","nathan&jj-store2.png","2242731"
"nathan4-rand-imgs-noheaders.csv","","NOT AVAILABLE","NOT AVAILABLE","test","PROLIFIC","09-Jul-2026 09:26:51","14746","""{\""answer\"":\""About $300\"",\""timeout\"":0,\""videoLoadFailed\"":true,\""RT\"":443}""","15","control","52","How much damage did JJ cause?","Less than $100","About $1000","At least $500","About $300","About $300","jj-store.png","2242637"
"nathan4-rand-imgs-noheaders.csv","","NOT AVAILABLE","NOT AVAILABLE","testRedirect","PROLIFIC","09-Jul-2026 09:44:09","14746","""{\""answer\"":\""About $300\"",\""timeout\"":0,\""videoLoadFailed\"":true,\""RT\"":513}""","15","control","52","How much damage did JJ cause?","Less than $100","About $1000","At least $500","About $300","About $300","jj-store.png","2242732"
"nathan4-rand-imgs-noheaders.csv","","NOT AVAILABLE","NOT AVAILABLE","test","PROLIFIC","09-Jul-2026 09:26:51","14746","""{\""answer\"":\""Defeated\"",\""timeout\"":0,\""videoLoadFailed\"":true,\""RT\"":430}""","15","emotion","53","How does JJ feel about the cost of the broken items?","Carefree","Relieved","Surprised","Defeated","Defeated","jj-store.png","2242638"
"nathan4-rand-imgs-noheaders.csv","","NOT AVAILABLE","NOT AVAILABLE","testRedirect","PROLIFIC","09-Jul-2026 09:44:09","14746","""{\""answer\"":\""Surprised\"",\""timeout\"":0,\""videoLoadFailed\"":true,\""RT\"":722}""","15","emotion","53","How does JJ feel about the cost of the broken items?","Carefree","Relieved","Surprised","Defeated","Defeated","jj-store.png","2242733"
"nathan4-rand-imgs-noheaders.csv","","NOT AVAILABLE","NOT AVAILABLE","test","PROLIFIC","09-Jul-2026 09:26:51","14746","""{\""answer\"":\""Yes, JJ's credit card was denied\"",\""timeout\"":0,\""videoLoadFailed\"":true,\""RT\"":761}""","16","social_norm_violation","54","Did something inappropriate happen?","No, Nathan made JJ feel better","No, it was appropriate for JJ to pay for the items he 
broke","Yes, Emily should have charged JJ more","Yes, JJ's credit card was denied","No, it was appropriate for JJ to pay for the items he 
broke","emily-nathan-jj.png","2242639"
"nathan4-rand-imgs-noheaders.csv","","NOT AVAILABLE","NOT AVAILABLE","testRedirect","PROLIFIC","09-Jul-2026 09:44:09","14746","""{\""answer\"":\""Yes, JJ's credit card was denied\"",\""timeout\"":0,\""videoLoadFailed\"":true,\""RT\"":837}""","16","social_norm_violation","54","Did something inappropriate happen?","No, Nathan made JJ feel better","No, it was appropriate for JJ to pay for the items he 
broke","Yes, Emily should have charged JJ more","Yes, JJ's credit card was denied","No, it was appropriate for JJ to pay for the items he 
broke","emily-nathan-jj.png","2242734"
"nathan4-rand-imgs-noheaders.csv","","NOT AVAILABLE","NOT AVAILABLE","test","PROLIFIC","09-Jul-2026 09:26:51","14746","""{\""answer\"":\""He's angry that he did not get to take more items\"",\""timeout\"":0,\""videoLoadFailed\"":true,\""RT\"":438}""","16","emotion","55","How does JJ feel about getting to take home the vase?","He's excited because it looks brand new","He's relieved that something good came out of it","He's unhappy because the vase isn't worth the money he paid","He's angry that he did not get to take more items","He's unhappy because the vase isn't worth the money he paid","jj-store.png","2242640"
"nathan4-rand-imgs-noheaders.csv","","NOT AVAILABLE","NOT AVAILABLE","testRedirect","PROLIFIC","09-Jul-2026 09:44:09","14746","""{\""answer\"":\""He's angry that he did not get to take more items\"",\""timeout\"":0,\""videoLoadFailed\"":true,\""RT\"":481}""","16","emotion","55","How does JJ feel about getting to take home the vase?","He's excited because it looks brand new","He's relieved that something good came out of it","He's unhappy because the vase isn't worth the money he paid","He's angry that he did not get to take more items","He's unhappy because the vase isn't worth the money he paid","jj-store.png","2242735"
"nathan4-rand-imgs-noheaders.csv","","NOT AVAILABLE","NOT AVAILABLE","test","PROLIFIC","09-Jul-2026 09:26:51","14746","""{\""answer\"":\""She is uncomfortable with it\"",\""timeout\"":0,\""videoLoadFailed\"":true,\""RT\"":519}""","16","emotion","56","How does Emily feel about having JJ buy the items he broke?","She is surprised that she made such a large sale","She is upset JJ took her vase","She is uncomfortable with it","She is excited that it helped her business","She is uncomfortable with it","emily&jj.png","2242641"
"nathan4-rand-imgs-noheaders.csv","","NOT AVAILABLE","NOT AVAILABLE","testRedirect","PROLIFIC","09-Jul-2026 09:44:09","14746","""{\""answer\"":\""She is uncomfortable with it\"",\""timeout\"":0,\""videoLoadFailed\"":true,\""RT\"":554}""","16","emotion","56","How does Emily feel about having JJ buy the items he broke?","She is surprised that she made such a large sale","She is upset JJ took her vase","She is uncomfortable with it","She is excited that it helped her business","She is uncomfortable with it","emily&jj.png","2242736"
"nathan4-rand-imgs-noheaders.csv","","NOT AVAILABLE","NOT AVAILABLE","test","PROLIFIC","09-Jul-2026 09:26:51","14746","""{\""answer\"":\""He thinks Emily will be excited about it\"",\""timeout\"":0,\""videoLoadFailed\"":true,\""RT\"":781}""","17","infer_belief","57","What does Nathan think about how his plan went?","He thinks it was uncomfortable","He wishes it had not cost JJ so much","He thinks it was a bad idea","He thinks Emily will be excited about it","He thinks Emily will be excited about it","emily&nathan.png","2242642"
"nathan4-rand-imgs-noheaders.csv","","NOT AVAILABLE","NOT AVAILABLE","testRedirect","PROLIFIC","09-Jul-2026 09:44:09","14746","""{\""answer\"":\""He thinks it was a bad idea\"",\""timeout\"":0,\""videoLoadFailed\"":true,\""RT\"":858}""","17","infer_belief","57","What does Nathan think about how his plan went?","He thinks it was uncomfortable","He wishes it had not cost JJ so much","He thinks it was a bad idea","He thinks Emily will be excited about it","He thinks Emily will be excited about it","emily&nathan.png","2242737"
"nathan4-rand-imgs-noheaders.csv","","NOT AVAILABLE","NOT AVAILABLE","test","PROLIFIC","09-Jul-2026 09:26:51","14746","""{\""answer\"":\""She thought the plan was a great idea\"",\""timeout\"":0,\""videoLoadFailed\"":true,\""RT\"":449}""","17","infer_belief","58","What does Emily think of Nathan's plan?","She will definitely try the plan on her own","She thinks Nathan will continue to carry it out for her","She is uneasy with the plan","She thought the plan was a great idea","She is uneasy with the plan","emily&nathan.png","2242643"
"nathan4-rand-imgs-noheaders.csv","","NOT AVAILABLE","NOT AVAILABLE","testRedirect","PROLIFIC","09-Jul-2026 09:44:09","14746","""{\""answer\"":\""She is uneasy with the plan\"",\""timeout\"":0,\""videoLoadFailed\"":true,\""RT\"":544}""","17","infer_belief","58","What does Emily think of Nathan's plan?","She will definitely try the plan on her own","She thinks Nathan will continue to carry it out for her","She is uneasy with the plan","She thought the plan was a great idea","She is uneasy with the plan","emily&nathan.png","2242738"
"nathan4-rand-imgs-noheaders.csv","","NOT AVAILABLE","NOT AVAILABLE","test","PROLIFIC","09-Jul-2026 09:26:51","14746","""{\""answer\"":\""Yes, Emily does not appreciate Nathan's hard work\"",\""timeout\"":0,\""videoLoadFailed\"":true,\""RT\"":503}""","17","social_norm_violation","59","Did something awkward happen in this clip?","Yes, Nathan does not understand that Emily dislikes  his plan","No, Nathan helped Emily's business","No, Nathan and Emily are on the same page","Yes, Emily does not appreciate Nathan's hard work","Yes, Nathan does not understand that Emily dislikes  his plan","emily&nathan.png","2242644"
"nathan4-rand-imgs-noheaders.csv","","NOT AVAILABLE","NOT AVAILABLE","testRedirect","PROLIFIC","09-Jul-2026 09:44:09","14746","""{\""answer\"":\""No, Nathan and Emily are on the same page\"",\""timeout\"":0,\""videoLoadFailed\"":true,\""RT\"":665}""","17","social_norm_violation","59","Did something awkward happen in this clip?","Yes, Nathan does not understand that Emily dislikes  his plan","No, Nathan helped Emily's business","No, Nathan and Emily are on the same page","Yes, Emily does not appreciate Nathan's hard work","Yes, Nathan does not understand that Emily dislikes  his plan","emily&nathan.png","2242739"
"nathan4-rand-imgs-noheaders.csv","","NOT AVAILABLE","NOT AVAILABLE","test","PROLIFIC","09-Jul-2026 09:26:51","14746","""{\""answer\"":\""Bars and antique stores attract different customers\"",\""timeout\"":0,\""videoLoadFailed\"":true,\""RT\"":455}""","2","infer_belief","6","Why does Emily think having bars nearby doesn't affect her business?","She finishes work early enough to go to the bars","Her store closes before most people are drunk","Their different hours make parking easier for her customers","Bars and antique stores attract different customers","Her store closes before most people are drunk","emily.png","2242591"
"nathan4-rand-imgs-noheaders.csv","","NOT AVAILABLE","NOT AVAILABLE","testRedirect","PROLIFIC","09-Jul-2026 09:44:09","14746","""{\""answer\"":\""Bars and antique stores attract different customers\"",\""timeout\"":0,\""videoLoadFailed\"":true,\""RT\"":420}""","2","infer_belief","6","Why does Emily think having bars nearby doesn't affect her business?","She finishes work early enough to go to the bars","Her store closes before most people are drunk","Their different hours make parking easier for her customers","Bars and antique stores attract different customers","Her store closes before most people are drunk","emily.png","2242686"
"nathan4-rand-imgs-noheaders.csv","","NOT AVAILABLE","NOT AVAILABLE","test","PROLIFIC","09-Jul-2026 09:26:51","14746","""{\""answer\"":\""No, Emily thanked Nathan for his help\"",\""timeout\"":0,\""videoLoadFailed\"":true,\""RT\"":779}""","18","social_norm_violation","60","Did someone do something awkward in this clip?","No, nothing was awkward in the clip","Yes, Nathan told Emily to have a good day","Yes, Nathan broke the plate","No, Emily thanked Nathan for his help","Yes, Nathan broke the plate","emily&nathan.png","2242645"
"nathan4-rand-imgs-noheaders.csv","","NOT AVAILABLE","NOT AVAILABLE","testRedirect","PROLIFIC","09-Jul-2026 09:44:09","14746","""{\""answer\"":\""No, Emily thanked Nathan for his help\"",\""timeout\"":0,\""videoLoadFailed\"":true,\""RT\"":862}""","18","social_norm_violation","60","Did someone do something awkward in this clip?","No, nothing was awkward in the clip","Yes, Nathan told Emily to have a good day","Yes, Nathan broke the plate","No, Emily thanked Nathan for his help","Yes, Nathan broke the plate","emily&nathan.png","2242740"
"nathan4-rand-imgs-noheaders.csv","","NOT AVAILABLE","NOT AVAILABLE","test","PROLIFIC","09-Jul-2026 09:26:51","14746","""{\""answer\"":\""To give Emily another sale\"",\""timeout\"":0,\""videoLoadFailed\"":true,\""RT\"":432}""","18","motivation","61","Why did Nathan break the plate?","It was an accident","He wanted to give it to JJ","He did not like the plate","To give Emily another sale","To give Emily another sale","emily&nathan.png","2242646"
"nathan4-rand-imgs-noheaders.csv","","NOT AVAILABLE","NOT AVAILABLE","testRedirect","PROLIFIC","09-Jul-2026 09:44:09","14746","""{\""answer\"":\""He did not like the plate\"",\""timeout\"":0,\""videoLoadFailed\"":true,\""RT\"":518}""","18","motivation","61","Why did Nathan break the plate?","It was an accident","He wanted to give it to JJ","He did not like the plate","To give Emily another sale","To give Emily another sale","emily&nathan.png","2242741"
"nathan4-rand-imgs-noheaders.csv","","NOT AVAILABLE","NOT AVAILABLE","test","PROLIFIC","09-Jul-2026 09:26:51","14746","""{\""answer\"":\""Yes, she thinks it was really great\"",\""timeout\"":0,\""videoLoadFailed\"":true,\""RT\"":464}""","18","infer_belief","62","Do you think Emily will continue to use Nathan's plan?","No, she didn't like it","Yes, she will try it","No, she wanted to sell more","Yes, she thinks it was really great","No, she didn't like it","emily&nathan.png","2242647"
"nathan4-rand-imgs-noheaders.csv","","NOT AVAILABLE","NOT AVAILABLE","testRedirect","PROLIFIC","09-Jul-2026 09:44:09","14746","""{\""answer\"":\""Yes, she thinks it was really great\"",\""timeout\"":0,\""videoLoadFailed\"":true,\""RT\"":549}""","18","infer_belief","62","Do you think Emily will continue to use Nathan's plan?","No, she didn't like it","Yes, she will try it","No, she wanted to sell more","Yes, she thinks it was really great","No, she didn't like it","emily&nathan.png","2242742"
"nathan4-rand-imgs-noheaders.csv","","NOT AVAILABLE","NOT AVAILABLE","test","PROLIFIC","09-Jul-2026 09:26:51","14746","""{\""answer\"":\""Embarrassed\"",\""timeout\"":0,\""videoLoadFailed\"":true,\""RT\"":1030}""","18","emotion","63","How did Nathan feel about breaking the plate?","Fortunate","Proud","Angry","Embarrassed","Proud","nathan.png","2242648"
"nathan4-rand-imgs-noheaders.csv","","NOT AVAILABLE","NOT AVAILABLE","testRedirect","PROLIFIC","09-Jul-2026 09:44:09","14746","""{\""answer\"":\""Angry\"",\""timeout\"":0,\""videoLoadFailed\"":true,\""RT\"":581}""","18","emotion","63","How did Nathan feel about breaking the plate?","Fortunate","Proud","Angry","Embarrassed","Proud","nathan.png","2242743"
"nathan4-rand-imgs-noheaders.csv","","NOT AVAILABLE","NOT AVAILABLE","test","PROLIFIC","09-Jul-2026 09:26:51","14746","""{\""answer\"":\""Her hours\"",\""timeout\"":0,\""videoLoadFailed\"":true,\""RT\"":503}""","2","control","7","What does Nathan want Emily to change about her business?","Her location","The store's size","What she sells","Her hours","Her hours","emily&nathan.png","2242592"
"nathan4-rand-imgs-noheaders.csv","","NOT AVAILABLE","NOT AVAILABLE","testRedirect","PROLIFIC","09-Jul-2026 09:44:09","14746","""{\""answer\"":\""Her hours\"",\""timeout\"":0,\""videoLoadFailed\"":true,\""RT\"":448}""","2","control","7","What does Nathan want Emily to change about her business?","Her location","The store's size","What she sells","Her hours","Her hours","emily&nathan.png","2242687"
"nathan4-rand-imgs-noheaders.csv","","NOT AVAILABLE","NOT AVAILABLE","test","PROLIFIC","09-Jul-2026 09:26:51","14746","""{\""answer\"":\""So drunk customers will come to her store\"",\""timeout\"":0,\""videoLoadFailed\"":true,\""RT\"":930}""","2","motivation","8","Why does Nathan want Emily to extend her hours?","She needs to work harder","So she can hire people from the bar","To make sure no one breaks anything","So drunk customers will come to her store","So drunk customers will come to her store","emily&nathan.png","2242593"
"nathan4-rand-imgs-noheaders.csv","","NOT AVAILABLE","NOT AVAILABLE","testRedirect","PROLIFIC","09-Jul-2026 09:44:09","14746","""{\""answer\"":\""So drunk customers will come to her store\"",\""timeout\"":0,\""videoLoadFailed\"":true,\""RT\"":758}""","2","motivation","8","Why does Nathan want Emily to extend her hours?","She needs to work harder","So she can hire people from the bar","To make sure no one breaks anything","So drunk customers will come to her store","So drunk customers will come to her store","emily&nathan.png","2242688"
"nathan4-rand-imgs-noheaders.csv","","NOT AVAILABLE","NOT AVAILABLE","test","PROLIFIC","09-Jul-2026 09:26:51","14746","""{\""answer\"":\""No shoes, no service\"",\""timeout\"":0,\""videoLoadFailed\"":true,\""RT\"":467}""","2","control","9","What is the policy in Emily's store?","Don't touch the merchandise","Cash only","You break it, you buy it","No shoes, no service","You break it, you buy it","emily.png","2242594"
"nathan4-rand-imgs-noheaders.csv","","NOT AVAILABLE","NOT AVAILABLE","testRedirect","PROLIFIC","09-Jul-2026 09:44:09","14746","""{\""answer\"":\""No shoes, no service\"",\""timeout\"":0,\""videoLoadFailed\"":true,\""RT\"":1010}""","2","control","9","What is the policy in Emily's store?","Don't touch the merchandise","Cash only","You break it, you buy it","No shoes, no service","You break it, you buy it","emily.png","2242689"
