Submission id,Participant id,Status,Custom study tncs accepted at,Started at,Completed at,Reviewed at,Archived at,Time taken,Completion code,Total approvals,Age,Sex,Ethnicity simplified,Country of birth,Country of residence,Nationality,Language,Student status,Employment status
6a4fc6904bbdf9a678a67a24,69c093d33989aa791c4e8b2d,APPROVED,Not Applicable,2026-07-09T16:04:39.972000Z,2026-07-09T16:31:31.103000Z,2026-07-13T17:15:30.108000Z,2026-07-09T16:31:31.473133Z,1612,CM1QRWMW,171,36,Female,White,United States,United States,United States,English,No,"Not in paid work (e.g. homemaker', 'retired or disabled)"
6a4fc69b58e7db232931d93e,69ba37faee13f176e7635323,APPROVED,Not Applicable,2026-07-09T16:05:11.140000Z,2026-07-09T16:44:11.410000Z,2026-07-13T17:15:30.402000Z,2026-07-09T16:44:11.773321Z,2341,CM1QRWMW,369,55,Female,White,United States,United States,United States,English,No,Part-Time
6a4fc80f6d5076d1d50fb3a8,69fce9e45d612732dd1ae4e2,APPROVED,Not Applicable,2026-07-09T16:10:59.700000Z,2026-07-09T16:48:04.300000Z,2026-07-13T17:15:30.718000Z,2026-07-09T16:48:04.690488Z,2225,CM1QRWMW,608,39,Male,White,United States,United States,United States,English,No,Unemployed (and job seeking)
6a4fc8fb6a140cac0567a63c,69fb86296fb6f0919bf31075,APPROVED,Not Applicable,2026-07-09T16:15:13.581000Z,2026-07-09T17:04:15.645000Z,2026-07-13T17:15:31.065000Z,2026-07-09T17:04:16.029192Z,2943,CM1QRWMW,743,46,Female,White,United States,United States,United States,English,No,"Not in paid work (e.g. homemaker', 'retired or disabled)"
6a4fca2c2469a1513f867368,69fcc8642de981c893eb6958,APPROVED,Not Applicable,2026-07-09T16:20:01.558000Z,2026-07-09T17:02:56.222000Z,2026-07-13T17:15:31.353000Z,2026-07-09T17:02:56.550637Z,2575,CM1QRWMW,621,56,Female,Mixed,United States,United States,United States,English,No,Part-Time
6a4fcac1c1ea5c34140752bc,69cec122e3cb56c2e7000c6b,APPROVED,Not Applicable,2026-07-09T16:22:29.635000Z,2026-07-09T16:57:59.360000Z,2026-07-13T17:15:31.623000Z,2026-07-09T16:57:59.730489Z,2130,CM1QRWMW,625,34,Female,White,United States,United States,United States,English,No,Full-Time
6a4fcb5256dc92b9ca1c54e6,6a0fdfd2db4241c9e5eca29a,APPROVED,Not Applicable,2026-07-09T16:24:54.512000Z,2026-07-09T17:11:27.931000Z,2026-07-13T17:15:31.909000Z,2026-07-09T17:11:28.308203Z,2794,CM1QRWMW,161,34,Female,White,United States,United States,United States,English,No,Other
6a4fccbad7732a7d6b9e4f0d,69f674db81cb46678aae6391,APPROVED,Not Applicable,2026-07-09T16:30:59.587000Z,2026-07-09T17:01:50.208000Z,2026-07-13T17:15:32.193000Z,2026-07-09T17:01:50.584759Z,1851,CM1QRWMW,566,33,Female,Mixed,United States,United States,United States,English,Yes,"Not in paid work (e.g. homemaker', 'retired or disabled)"
6a4fce48a97529e31f26172a,6a1de36b3f5c6160ff6bf6a4,APPROVED,Not Applicable,2026-07-09T16:45:06.012000Z,2026-07-09T17:16:04.881000Z,2026-07-13T17:15:32.493000Z,2026-07-09T17:16:05.223740Z,1859,CM1QRWMW,173,35,Male,White,United States,United States,United States,English,No,Unemployed (and job seeking)
6a4fcefe6ca0d667df760e2a,69d5632f4815bcc4cb7242bf,APPROVED,Not Applicable,2026-07-09T16:40:35.631000Z,2026-07-09T17:28:12.352000Z,2026-07-13T17:15:32.801000Z,2026-07-09T17:28:12.745518Z,2857,CM1QRWMW,400,42,Male,Mixed,United States,United States,United States,English,No,Full-Time
6a4fd0df6997bdacdb6f7f32,69a0734d1d433d3694c8438f,APPROVED,Not Applicable,2026-07-09T16:48:35.297000Z,2026-07-09T17:34:45.269000Z,2026-07-13T17:15:33.093000Z,2026-07-09T17:34:45.647259Z,2770,CM1QRWMW,503,46,Male,White,United States,United States,United States,English,No,Full-Time
6a4fd0e0a3f1db33dd79a0c0,6a2589e7b0645f2f7f1cc52c,APPROVED,Not Applicable,2026-07-09T16:48:41.200000Z,2026-07-09T17:31:50.218000Z,2026-07-13T17:15:33.394000Z,2026-07-09T17:31:50.575973Z,2590,CM1QRWMW,409,49,Female,White,United States,United States,United States,English,No,Full-Time
6a4fd372af55ef849a29f5bc,69f7b962446b32b08d58a1df,APPROVED,Not Applicable,2026-07-09T16:59:41.756000Z,2026-07-09T17:46:07.119000Z,2026-07-13T17:15:33.673000Z,2026-07-09T17:46:07.465236Z,2786,CM1QRWMW,218,71,Female,White,United States,United States,United States,English,No,Part-Time
6a4fd3eb4ff252f254ee439f,6a00dbcc626a780a8e5c07a4,APPROVED,Not Applicable,2026-07-09T17:01:33.697000Z,2026-07-09T17:16:43.994000Z,2026-07-13T17:15:33.969000Z,2026-07-09T17:16:44.369822Z,911,CM1QRWMW,133,27,Female,White,United States,United States,United States,English,Yes,Full-Time
6a4fd3fae77d0eb98a477725,6a0b756dd47d16a4c82f5589,APPROVED,Not Applicable,2026-07-09T17:01:54.834000Z,2026-07-09T17:43:49.604000Z,2026-07-13T17:15:34.306000Z,2026-07-09T17:43:49.951198Z,2515,CM1QRWMW,219,27,Male,White,United States,United States,United States,English,No,Full-Time
6a4fd563046986c023dbf1d6,6a14c84872f3851ab32e8c01,APPROVED,Not Applicable,2026-07-09T17:07:59.621000Z,2026-07-09T17:38:21.185000Z,2026-07-13T17:15:34.632000Z,2026-07-09T17:38:21.542232Z,1822,CM1QRWMW,470,41,Female,Mixed,United States,United States,United States,English,No,Unemployed (and job seeking)
6a4fd6b5665270db85c3b9c6,69a6eb2bc679065ed1cecc51,APPROVED,Not Applicable,2026-07-09T17:13:32.996000Z,2026-07-09T17:44:00.935000Z,2026-07-13T17:15:34.953000Z,2026-07-09T17:44:01.294880Z,1828,CM1QRWMW,148,39,Female,White,United States,United States,United States,English,No,"Not in paid work (e.g. homemaker', 'retired or disabled)"
6a4fd826ccb3684635f98eb0,6a0e2d716e90edf1ea83dce1,APPROVED,Not Applicable,2026-07-09T17:19:38.259000Z,2026-07-09T17:55:17.508000Z,2026-07-13T17:15:35.261000Z,2026-07-09T17:55:17.886973Z,2140,CM1QRWMW,242,62,Female,White,United States,United States,United States,English,No,Part-Time
6a4fd997326a52d2f76df6fe,6a14e67cf20909f60e34ae64,APPROVED,Not Applicable,2026-07-09T17:31:17.572000Z,2026-07-09T18:11:41.976000Z,2026-07-13T17:15:35.550000Z,2026-07-09T18:11:42.373672Z,2425,CM1QRWMW,453,42,Female,White,United States,United States,United States,English,No,Part-Time
6a4fda8b9a1077a9d9e0be0c,66315563a848526fcfa7555b,APPROVED,Not Applicable,2026-07-09T17:29:55.689000Z,2026-07-09T18:13:22.681000Z,2026-07-13T17:15:35.837000Z,2026-07-09T18:13:23.014005Z,2607,CM1QRWMW,450,40,Female,Other,United States,United States,United States,English,Yes,Full-Time
6a4fdc08c7ad18bde5ea578d,6987875a0a8fa6ed9ef00726,APPROVED,Not Applicable,2026-07-09T17:36:11.555000Z,2026-07-09T18:18:56.839000Z,2026-07-13T17:15:36.104000Z,2026-07-09T18:18:57.203951Z,2566,CM1QRWMW,523,28,Male,Mixed,United States,United States,United States,English,Yes,Unemployed (and job seeking)
6a4fde4f1985900d098b37a1,69fb3314a5e95601464d1fea,APPROVED,Not Applicable,2026-07-09T17:45:58.889000Z,2026-07-09T18:25:12.156000Z,2026-07-13T17:15:36.402000Z,2026-07-09T18:25:12.533668Z,2354,CM1QRWMW,272,64,Female,White,United States,United States,United States,English,No,"Not in paid work (e.g. homemaker', 'retired or disabled)"
6a4fdfc754937a4f3e0fb3da,69dc76f0a77a620367d666ec,APPROVED,Not Applicable,2026-07-09T17:52:11.026000Z,2026-07-09T18:18:47.688000Z,2026-07-13T17:15:36.668000Z,2026-07-09T18:18:48.046934Z,1597,CM1QRWMW,482,19,Female,White,United States,United States,United States,English,Yes,Unemployed (and job seeking)
6a4fe202e003fc3f3219bbec,661c09a749790db73f8faba5,APPROVED,Not Applicable,2026-07-09T18:02:01.303000Z,2026-07-09T18:39:20.363000Z,2026-07-13T17:15:36.947000Z,2026-07-09T18:39:20.702646Z,2240,CM1QRWMW,166,29,Female,White,United States,United States,United States,English,No,Full-Time
6a4fe20a4ec78dcf6ecb0e53,6a1b544246f12219f033d3c3,APPROVED,Not Applicable,2026-07-09T18:03:05.085000Z,2026-07-09T18:35:32.594000Z,2026-07-13T17:15:37.245000Z,2026-07-09T18:35:33.014044Z,1948,CM1QRWMW,680,42,Male,White,United States,United States,United States,English,No,Full-Time
6a4fe26b310e0da30b6e00f8,69cc1fac2b52b1c4dd21cc7d,APPROVED,Not Applicable,2026-07-09T18:03:30.129000Z,2026-07-09T18:42:42.899000Z,2026-07-13T17:15:37.543000Z,2026-07-09T18:42:43.246848Z,2353,CM1QRWMW,300,31,Male,Other,United States,United States,United States,English,No,Other
6a4fe27d69dee7ca9e99c598,69bdf2afe629d42bfc47997f,APPROVED,Not Applicable,2026-07-09T18:04:39.038000Z,2026-07-09T18:42:44.687000Z,2026-07-13T17:15:37.836000Z,2026-07-09T18:42:45.058356Z,2286,CM1QRWMW,609,26,Female,Mixed,United States,United States,United States,English,No,Full-Time
6a4fe2f5b72716a326fb176b,69ed15278090fe4438301d5c,APPROVED,Not Applicable,2026-07-09T18:05:47.357000Z,2026-07-09T18:36:55.065000Z,2026-07-13T17:15:38.697000Z,2026-07-09T18:36:55.472377Z,1868,CM1QRWMW,901,21,Female,Black,United States,United States,United States,English,Yes,Part-Time
6a4fe39a5ed1125180fada60,69f8db35f08d6c337883fcb4,APPROVED,Not Applicable,2026-07-09T18:09:28.210000Z,2026-07-09T18:56:42.819000Z,2026-07-13T17:15:38.995000Z,2026-07-09T18:56:43.174702Z,2835,CM1QRWMW,229,61,Female,White,United States,United States,United States,English,No,Full-Time
6a4fe4e4894df11e12fa1db8,69c1256faa88d6296c98d745,APPROVED,Not Applicable,2026-07-09T18:15:26.506000Z,2026-07-09T19:07:25.070000Z,2026-07-13T17:15:39.286000Z,2026-07-09T19:07:25.479537Z,3119,CM1QRWMW,627,40,Female,Black,United States,United States,United States,English,No,Part-Time
6a4fe68c58e57f0543d2e508,6a2222ff6e1036656b0d5d08,APPROVED,Not Applicable,2026-07-09T18:21:06.796000Z,2026-07-09T18:44:20.496000Z,2026-07-13T17:15:39.583000Z,2026-07-09T18:44:20.878149Z,1394,CM1QRWMW,235,24,Female,White,United States,United States,United States,English,No,Full-Time
6a4fe7fb4822f426fe92a45c,676956116c1a3416bf7b2afe,APPROVED,Not Applicable,2026-07-09T18:29:06.884000Z,2026-07-09T19:10:15.175000Z,2026-07-13T17:15:39.913000Z,2026-07-09T19:10:15.798130Z,2469,CM1QRWMW,393,23,Female,White,United States,United States,United States,English,Yes,Unemployed (and job seeking)
6a4fe8df7e568969f207ac92,6a07687bad5809e8867bdffb,APPROVED,Not Applicable,2026-07-09T18:30:58.802000Z,2026-07-09T19:03:27.551000Z,2026-07-13T17:15:40.226000Z,2026-07-09T19:03:27.910688Z,1949,CM1QRWMW,269,37,Female,White,United States,United States,United States,English,No,"Not in paid work (e.g. homemaker', 'retired or disabled)"
6a4fe8f34a400f989c725fc7,6a199661a2f63c5bf9835b2e,APPROVED,Not Applicable,2026-07-09T18:31:19.939000Z,2026-07-09T19:27:26.182000Z,2026-07-13T17:15:40.487000Z,2026-07-09T19:27:26.572442Z,3367,CM1QRWMW,167,31,Male,White,United States,United States,United States,English,No,Full-Time
6a4fec01a5782554dcf9dc78,6a012d3c523e7311f4e55f61,APPROVED,Not Applicable,2026-07-09T18:44:45.040000Z,2026-07-09T19:15:35.191000Z,2026-07-13T17:15:40.765000Z,2026-07-09T19:15:35.578429Z,1851,CM1QRWMW,680,40,Female,White,United States,United States,United States,English,No,Unemployed (and job seeking)
6a4fecd56efe9e81d990f00b,69f86a04fe802de5002bb70b,APPROVED,Not Applicable,2026-07-09T18:47:53.581000Z,2026-07-09T19:40:18.498000Z,2026-07-13T17:15:41.057000Z,2026-07-09T19:40:18.892895Z,3145,CM1QRWMW,157,26,Male,White,United States,United States,United States,English,No,Unemployed (and job seeking)
6a4fed3aa5b92e0fc86b2c72,6965bd850ce22095dd7a84ca,APPROVED,Not Applicable,2026-07-09T18:49:35.866000Z,2026-07-09T19:50:17.310000Z,2026-07-13T17:15:41.359000Z,2026-07-09T19:50:17.686536Z,3642,CM1QRWMW,666,36,Female,White,United States,United States,United States,English,Yes,Full-Time
6a4feed35115ed3ee3ad7388,6a01e843af8198a220b44a18,APPROVED,Not Applicable,2026-07-09T18:56:35.806000Z,2026-07-09T19:39:59.257000Z,2026-07-13T17:15:41.636000Z,2026-07-09T19:39:59.621605Z,2604,CM1QRWMW,199,33,Female,Black,United States,United States,United States,English,No,Part-Time
6a4fefade880012e1d3c970c,699cebf39bc275a312ffd51c,APPROVED,Not Applicable,2026-07-09T19:00:59.015000Z,2026-07-09T19:42:55.081000Z,2026-07-13T17:15:41.895000Z,2026-07-09T19:42:55.421048Z,2517,CM1QRWMW,323,38,Female,White,United States,United States,United States,English,No,Other
6a4fefb99d54cd2e3fbebc2b,69c6ec3a92185003cf70ded5,APPROVED,Not Applicable,2026-07-09T19:00:12.609000Z,2026-07-09T19:27:42.512000Z,2026-07-13T17:15:42.195000Z,2026-07-09T19:27:42.863103Z,1650,CM1QRWMW,150,43,Female,White,United States,United States,United States,English,Yes,Full-Time
6a4ff094800e83851f366b86,62c5f85ccf34c8d9c0650f6e,APPROVED,Not Applicable,2026-07-09T19:04:05.334000Z,2026-07-09T19:36:49.896000Z,2026-07-13T17:15:42.474000Z,2026-07-09T19:36:50.229062Z,1965,CM1QRWMW,897,31,Female,White,United States,United States,United States,English,No,DATA_EXPIRED
6a4ff100cc32553acf61c381,69c2f0033339865c279814ca,APPROVED,Not Applicable,2026-07-09T19:05:46.650000Z,2026-07-09T19:40:02.167000Z,2026-07-13T17:15:42.749000Z,2026-07-09T19:40:02.541863Z,2056,CM1QRWMW,877,35,Female,Black,United States,United States,United States,English,No,Unemployed (and job seeking)
6a4ff35d2372a46dd8591535,6a232745f21e165e2b54ed58,APPROVED,Not Applicable,2026-07-09T19:15:46.229000Z,2026-07-09T19:59:24.414000Z,2026-07-13T17:15:43.052000Z,2026-07-09T19:59:24.766352Z,2619,CM1QRWMW,148,33,Female,White,United States,United States,United States,English,No,Full-Time
6a4ff37533e1856421f430fd,695ea002344d7ca1605c747a,APPROVED,Not Applicable,2026-07-09T19:17:26.291000Z,2026-07-09T19:45:01.787000Z,2026-07-13T17:15:43.349000Z,2026-07-09T19:45:02.119197Z,1656,CM1QRWMW,317,32,Female,Mixed,United States,United States,United States,English,No,"Not in paid work (e.g. homemaker', 'retired or disabled)"
6a4ff69f4c6b1fc9ffca5708,6a14434573bcee3f17b7f762,APPROVED,Not Applicable,2026-07-09T19:30:21.322000Z,2026-07-09T20:01:46.165000Z,2026-07-13T17:15:43.655000Z,2026-07-09T20:01:46.539013Z,1885,CM1QRWMW,491,23,Male,White,United States,United States,United States,English,No,Part-Time
6a4ff6a54466b8ac4e58c6e1,6a1ae40320c9511f890515f7,APPROVED,Not Applicable,2026-07-09T19:30:45.705000Z,2026-07-09T20:05:47.308000Z,2026-07-13T17:15:43.949000Z,2026-07-09T20:05:47.691112Z,2102,CM1QRWMW,435,39,Female,White,United States,United States,United States,English,No,"Not in paid work (e.g. homemaker', 'retired or disabled)"
6a4ffab36574225c42712487,6a05131f0ad03d07dd77178e,APPROVED,Not Applicable,2026-07-09T19:53:18.629000Z,2026-07-09T20:37:18.544000Z,2026-07-13T17:15:44.223000Z,2026-07-09T20:37:18.906349Z,2640,CM1QRWMW,195,45,Male,White,United States,United States,United States,English,No,Unemployed (and job seeking)
6a4ffabb78e030ed65bf3a76,66b153e252bf568e5c9f0ba2,AWAITING REVIEW,Not Applicable,2026-07-09T19:47:17.439000Z,2026-07-09T19:55:39.838000Z,,2026-07-09T19:55:40.395758Z,503,NOCODE,265,28,Female,White,United States,United States,United States,English,No,"Not in paid work (e.g. homemaker', 'retired or disabled)"
6a4ffc1f2497cd9cacf8df4e,69dfe696c433039b7add8013,APPROVED,Not Applicable,2026-07-09T19:53:07.378000Z,2026-07-09T20:31:57.181000Z,2026-07-13T17:15:44.508000Z,2026-07-09T20:31:57.537918Z,2330,CM1QRWMW,112,24,Female,White,United States,United States,United States,English,Yes,Part-Time
6a4ffc9765ab65796a693a2e,6a0a0fd9f370053c3505dc0f,APPROVED,Not Applicable,2026-07-09T19:58:02.899000Z,2026-07-09T20:45:31.502000Z,2026-07-13T17:15:44.773000Z,2026-07-09T20:45:32.121020Z,2849,CM1QRWMW,244,33,Female,White,United States,United States,United States,English,No,Unemployed (and job seeking)
6a4fc802818896854bd7bc9a,69fd15ecdd5e690e98031782,RETURNED,Not Applicable,2026-07-09T16:11:03.786000Z,,,,,,994,CONSENT_REVOKED,CONSENT_REVOKED,CONSENT_REVOKED,CONSENT_REVOKED,CONSENT_REVOKED,CONSENT_REVOKED,CONSENT_REVOKED,CONSENT_REVOKED,CONSENT_REVOKED
6a4fc87442c49fde51e9011b,69f2ba884cc121777f271bdc,RETURNED,Not Applicable,,,,,,,922,CONSENT_REVOKED,CONSENT_REVOKED,CONSENT_REVOKED,CONSENT_REVOKED,CONSENT_REVOKED,CONSENT_REVOKED,CONSENT_REVOKED,CONSENT_REVOKED,CONSENT_REVOKED
6a4fc8fc11491db916dec2f9,6a144fdfe46e393c007b059a,RETURNED,Not Applicable,,,,,,,295,CONSENT_REVOKED,CONSENT_REVOKED,CONSENT_REVOKED,CONSENT_REVOKED,CONSENT_REVOKED,CONSENT_REVOKED,CONSENT_REVOKED,CONSENT_REVOKED,CONSENT_REVOKED
6a4fcaec82323b7aae52b572,69b83ca68352037cd621f67f,RETURNED,Not Applicable,2026-07-09T16:23:11.857000Z,2026-07-09T16:40:24.884000Z,,2026-07-09T16:40:25.292000Z,,NOCODE,1119,CONSENT_REVOKED,CONSENT_REVOKED,CONSENT_REVOKED,CONSENT_REVOKED,CONSENT_REVOKED,CONSENT_REVOKED,CONSENT_REVOKED,CONSENT_REVOKED,CONSENT_REVOKED
6a4fcd00e52725ef4d88b306,6a02c4165ca188fe596c8343,RETURNED,Not Applicable,,,,,,,310,CONSENT_REVOKED,CONSENT_REVOKED,CONSENT_REVOKED,CONSENT_REVOKED,CONSENT_REVOKED,CONSENT_REVOKED,CONSENT_REVOKED,CONSENT_REVOKED,CONSENT_REVOKED
6a4fcd0e0883e5bfbd01a8c7,6a20e183cef0a3829c6930e2,RETURNED,Not Applicable,,,,,,,341,CONSENT_REVOKED,CONSENT_REVOKED,CONSENT_REVOKED,CONSENT_REVOKED,CONSENT_REVOKED,CONSENT_REVOKED,CONSENT_REVOKED,CONSENT_REVOKED,CONSENT_REVOKED
6a4fcdc86404b1a5aa92a40d,69b778e76ef0aeb14f2c1ce4,RETURNED,Not Applicable,2026-07-09T16:35:24.065000Z,2026-07-09T16:58:06.579000Z,,2026-07-09T16:58:06.964000Z,,NOCODE,335,CONSENT_REVOKED,CONSENT_REVOKED,CONSENT_REVOKED,CONSENT_REVOKED,CONSENT_REVOKED,CONSENT_REVOKED,CONSENT_REVOKED,CONSENT_REVOKED,CONSENT_REVOKED
6a4fce0441f9e42f9ab088f4,675a111d5939b57de3a767f4,RETURNED,Not Applicable,,,,,,,588,CONSENT_REVOKED,CONSENT_REVOKED,CONSENT_REVOKED,CONSENT_REVOKED,CONSENT_REVOKED,CONSENT_REVOKED,CONSENT_REVOKED,CONSENT_REVOKED,CONSENT_REVOKED
6a4fce474a1bdb63d01ba77e,695fdf5b78ef5b3f0cc4d499,RETURNED,Not Applicable,2026-07-09T16:37:30.941000Z,,,,,,399,CONSENT_REVOKED,CONSENT_REVOKED,CONSENT_REVOKED,CONSENT_REVOKED,CONSENT_REVOKED,CONSENT_REVOKED,CONSENT_REVOKED,CONSENT_REVOKED,CONSENT_REVOKED
6a4fcfe23b3d0e90da9d5f54,6a03c132565c15481c53bc31,RETURNED,Not Applicable,2026-07-09T16:44:37.808000Z,,,,,,909,CONSENT_REVOKED,CONSENT_REVOKED,CONSENT_REVOKED,CONSENT_REVOKED,CONSENT_REVOKED,CONSENT_REVOKED,CONSENT_REVOKED,CONSENT_REVOKED,CONSENT_REVOKED
6a4fd04fa4fa67e3a4c8487b,69b18919158bbb79b1aeaad3,RETURNED,Not Applicable,,,,,,,939,CONSENT_REVOKED,CONSENT_REVOKED,CONSENT_REVOKED,CONSENT_REVOKED,CONSENT_REVOKED,CONSENT_REVOKED,CONSENT_REVOKED,CONSENT_REVOKED,CONSENT_REVOKED
6a4fd566ffe0631b46e23230,69bb4a09ee2c6dbc3f264e4b,RETURNED,Not Applicable,,,,,,,793,CONSENT_REVOKED,CONSENT_REVOKED,CONSENT_REVOKED,CONSENT_REVOKED,CONSENT_REVOKED,CONSENT_REVOKED,CONSENT_REVOKED,CONSENT_REVOKED,CONSENT_REVOKED
6a4fd5843bb17fc53e5c0704,6a10cde1d7dbf506e913a04e,RETURNED,Not Applicable,2026-07-09T17:08:23.448000Z,,,,,,514,CONSENT_REVOKED,CONSENT_REVOKED,CONSENT_REVOKED,CONSENT_REVOKED,CONSENT_REVOKED,CONSENT_REVOKED,CONSENT_REVOKED,CONSENT_REVOKED,CONSENT_REVOKED
6a4fd79c1ba544bfcdf78946,69f7c4bbb29c5431094859fd,RETURNED,Not Applicable,2026-07-09T17:17:33.885000Z,,,,,,677,CONSENT_REVOKED,CONSENT_REVOKED,CONSENT_REVOKED,CONSENT_REVOKED,CONSENT_REVOKED,CONSENT_REVOKED,CONSENT_REVOKED,CONSENT_REVOKED,CONSENT_REVOKED
6a4fd7ba5a0aa29d69fee419,6a17341284c2898f5cde3739,RETURNED,Not Applicable,,,,,,,886,CONSENT_REVOKED,CONSENT_REVOKED,CONSENT_REVOKED,CONSENT_REVOKED,CONSENT_REVOKED,CONSENT_REVOKED,CONSENT_REVOKED,CONSENT_REVOKED,CONSENT_REVOKED
6a4fd7be2030459dd8bca61b,57282422c68b5a001039813b,RETURNED,Not Applicable,2026-07-09T17:17:54.748000Z,,,,,,1091,CONSENT_REVOKED,CONSENT_REVOKED,CONSENT_REVOKED,CONSENT_REVOKED,CONSENT_REVOKED,CONSENT_REVOKED,CONSENT_REVOKED,CONSENT_REVOKED,CONSENT_REVOKED
6a4fda8a0910b410b2b98a18,69fe1b668da9c98cd2ae398b,RETURNED,Not Applicable,,,,,,,713,CONSENT_REVOKED,CONSENT_REVOKED,CONSENT_REVOKED,CONSENT_REVOKED,CONSENT_REVOKED,CONSENT_REVOKED,CONSENT_REVOKED,CONSENT_REVOKED,CONSENT_REVOKED
6a4fdd4baa870baacbd35a2b,6a138d778eb956786dae2810,RETURNED,Not Applicable,2026-07-09T17:52:00.013000Z,,,,,,718,CONSENT_REVOKED,CONSENT_REVOKED,CONSENT_REVOKED,CONSENT_REVOKED,CONSENT_REVOKED,CONSENT_REVOKED,CONSENT_REVOKED,CONSENT_REVOKED,CONSENT_REVOKED
6a4fdf947d92676c8886e292,69cad66437a1d1b542e2f5f5,RETURNED,Not Applicable,2026-07-09T17:58:15.072000Z,,,,,,969,CONSENT_REVOKED,CONSENT_REVOKED,CONSENT_REVOKED,CONSENT_REVOKED,CONSENT_REVOKED,CONSENT_REVOKED,CONSENT_REVOKED,CONSENT_REVOKED,CONSENT_REVOKED
6a4fdff1ea79a10d77e013a1,6a1cff7ac7cfb26bdae01533,RETURNED,Not Applicable,2026-07-09T17:52:53.867000Z,,,,,,176,CONSENT_REVOKED,CONSENT_REVOKED,CONSENT_REVOKED,CONSENT_REVOKED,CONSENT_REVOKED,CONSENT_REVOKED,CONSENT_REVOKED,CONSENT_REVOKED,CONSENT_REVOKED
6a4fe091f999129d6293ccde,6a14d100f80ae1bfcd8f0b39,RETURNED,Not Applicable,2026-07-09T17:56:14.846000Z,,,,,,387,CONSENT_REVOKED,CONSENT_REVOKED,CONSENT_REVOKED,CONSENT_REVOKED,CONSENT_REVOKED,CONSENT_REVOKED,CONSENT_REVOKED,CONSENT_REVOKED,CONSENT_REVOKED
6a4fe0ebd5341da707e18c0a,5d15dab7c3b9c200015de167,RETURNED,Not Applicable,2026-07-09T17:57:48.777000Z,,,,,,582,CONSENT_REVOKED,CONSENT_REVOKED,CONSENT_REVOKED,CONSENT_REVOKED,CONSENT_REVOKED,CONSENT_REVOKED,CONSENT_REVOKED,CONSENT_REVOKED,CONSENT_REVOKED
6a4fe27a3350e5eaa23cfe85,69f8adc186059116319c32e6,RETURNED,Not Applicable,2026-07-09T18:03:42.718000Z,,,,,,139,CONSENT_REVOKED,CONSENT_REVOKED,CONSENT_REVOKED,CONSENT_REVOKED,CONSENT_REVOKED,CONSENT_REVOKED,CONSENT_REVOKED,CONSENT_REVOKED,CONSENT_REVOKED
6a4fe500d84b86732c4eb038,6a05e17dced2cd6ae9b2ac17,RETURNED,Not Applicable,2026-07-09T18:14:41.304000Z,,,,,,506,CONSENT_REVOKED,CONSENT_REVOKED,CONSENT_REVOKED,CONSENT_REVOKED,CONSENT_REVOKED,CONSENT_REVOKED,CONSENT_REVOKED,CONSENT_REVOKED,CONSENT_REVOKED
6a4fe5c1383772887ce9bfe3,6a0e579710108dbe9059ee97,RETURNED,Not Applicable,2026-07-09T18:28:00.013000Z,,,,,,1017,CONSENT_REVOKED,CONSENT_REVOKED,CONSENT_REVOKED,CONSENT_REVOKED,CONSENT_REVOKED,CONSENT_REVOKED,CONSENT_REVOKED,CONSENT_REVOKED,CONSENT_REVOKED
6a4fe6161b8265257e6f5103,698d01c02acc87a2594bb3c4,RETURNED,Not Applicable,,,,,,,487,CONSENT_REVOKED,CONSENT_REVOKED,CONSENT_REVOKED,CONSENT_REVOKED,CONSENT_REVOKED,CONSENT_REVOKED,CONSENT_REVOKED,CONSENT_REVOKED,CONSENT_REVOKED
6a4fe960582c8595576df738,6a03e49a2b083f8fa115a457,RETURNED,Not Applicable,2026-07-09T18:33:15.763000Z,,,,,,865,CONSENT_REVOKED,CONSENT_REVOKED,CONSENT_REVOKED,CONSENT_REVOKED,CONSENT_REVOKED,CONSENT_REVOKED,CONSENT_REVOKED,CONSENT_REVOKED,CONSENT_REVOKED
6a4fe9fcb99248cc06b0ee44,5588cf75fdf99b304dd47cbd,RETURNED,Not Applicable,,,,,,,965,CONSENT_REVOKED,CONSENT_REVOKED,CONSENT_REVOKED,CONSENT_REVOKED,CONSENT_REVOKED,CONSENT_REVOKED,CONSENT_REVOKED,CONSENT_REVOKED,CONSENT_REVOKED
6a4feb6a5fc8a4e61fbca642,697972419bf3e715eff711ff,RETURNED,Not Applicable,2026-07-09T18:41:46.148000Z,,,,,,783,CONSENT_REVOKED,CONSENT_REVOKED,CONSENT_REVOKED,CONSENT_REVOKED,CONSENT_REVOKED,CONSENT_REVOKED,CONSENT_REVOKED,CONSENT_REVOKED,CONSENT_REVOKED
6a4feb6b77d1d2165ee9c008,69f1038d6d55c4a89afa0449,RETURNED,Not Applicable,2026-07-09T18:41:52.770000Z,,,,,,795,CONSENT_REVOKED,CONSENT_REVOKED,CONSENT_REVOKED,CONSENT_REVOKED,CONSENT_REVOKED,CONSENT_REVOKED,CONSENT_REVOKED,CONSENT_REVOKED,CONSENT_REVOKED
6a4febe59f278f97dfae6ae6,6a0de7ea80a32de2acc70fb8,RETURNED,Not Applicable,,,,,,,220,CONSENT_REVOKED,CONSENT_REVOKED,CONSENT_REVOKED,CONSENT_REVOKED,CONSENT_REVOKED,CONSENT_REVOKED,CONSENT_REVOKED,CONSENT_REVOKED,CONSENT_REVOKED
6a4fef6053acdb595492767a,69fc8697b3cb62a6e6bb84de,RETURNED,Not Applicable,,,,,,,178,CONSENT_REVOKED,CONSENT_REVOKED,CONSENT_REVOKED,CONSENT_REVOKED,CONSENT_REVOKED,CONSENT_REVOKED,CONSENT_REVOKED,CONSENT_REVOKED,CONSENT_REVOKED
6a4ff0a7ad18a5fe544eb074,69ba981dc2a63adb95a877cd,RETURNED,Not Applicable,2026-07-09T19:04:09.912000Z,,,,,,422,CONSENT_REVOKED,CONSENT_REVOKED,CONSENT_REVOKED,CONSENT_REVOKED,CONSENT_REVOKED,CONSENT_REVOKED,CONSENT_REVOKED,CONSENT_REVOKED,CONSENT_REVOKED
6a4ff1f97feedc6915f98e5d,69db2dd233fad5ba2d7f7239,RETURNED,Not Applicable,,,,,,,378,CONSENT_REVOKED,CONSENT_REVOKED,CONSENT_REVOKED,CONSENT_REVOKED,CONSENT_REVOKED,CONSENT_REVOKED,CONSENT_REVOKED,CONSENT_REVOKED,CONSENT_REVOKED
6a4ff2baf57a902cc3712470,69a5c155a852c9a8ab7762fa,RETURNED,Not Applicable,2026-07-09T19:13:23.658000Z,,,,,,884,CONSENT_REVOKED,CONSENT_REVOKED,CONSENT_REVOKED,CONSENT_REVOKED,CONSENT_REVOKED,CONSENT_REVOKED,CONSENT_REVOKED,CONSENT_REVOKED,CONSENT_REVOKED
6a4ff3e2773957829247987b,697c2c2af2c0d61cac5eb710,RETURNED,Not Applicable,2026-07-09T19:17:54.245000Z,,,,,,1012,CONSENT_REVOKED,CONSENT_REVOKED,CONSENT_REVOKED,CONSENT_REVOKED,CONSENT_REVOKED,CONSENT_REVOKED,CONSENT_REVOKED,CONSENT_REVOKED,CONSENT_REVOKED
6a4ff45724d24c6ae8ae0054,695be830f513363b4a1c1d4f,RETURNED,Not Applicable,,,,,,,714,CONSENT_REVOKED,CONSENT_REVOKED,CONSENT_REVOKED,CONSENT_REVOKED,CONSENT_REVOKED,CONSENT_REVOKED,CONSENT_REVOKED,CONSENT_REVOKED,CONSENT_REVOKED
6a4ff4897c97596ab1f430b2,69eb8ca1f2118f5c8093856c,RETURNED,Not Applicable,,,,,,,566,CONSENT_REVOKED,CONSENT_REVOKED,CONSENT_REVOKED,CONSENT_REVOKED,CONSENT_REVOKED,CONSENT_REVOKED,CONSENT_REVOKED,CONSENT_REVOKED,CONSENT_REVOKED
6a4ff4c6997bf821a89e4f2b,66577b950cf252021eff76f8,RETURNED,Not Applicable,2026-07-09T19:22:03.300000Z,,,,,,174,CONSENT_REVOKED,CONSENT_REVOKED,CONSENT_REVOKED,CONSENT_REVOKED,CONSENT_REVOKED,CONSENT_REVOKED,CONSENT_REVOKED,CONSENT_REVOKED,CONSENT_REVOKED
6a4ff4e04f76dfe0684a56cc,69fe03f4c6ed7ceb363e4d1e,RETURNED,Not Applicable,2026-07-09T19:22:37.253000Z,,,,,,260,CONSENT_REVOKED,CONSENT_REVOKED,CONSENT_REVOKED,CONSENT_REVOKED,CONSENT_REVOKED,CONSENT_REVOKED,CONSENT_REVOKED,CONSENT_REVOKED,CONSENT_REVOKED
6a4ff623649de953180ccbbf,6a15c6a9c1653695e350c77f,RETURNED,Not Applicable,,,,,,,1033,CONSENT_REVOKED,CONSENT_REVOKED,CONSENT_REVOKED,CONSENT_REVOKED,CONSENT_REVOKED,CONSENT_REVOKED,CONSENT_REVOKED,CONSENT_REVOKED,CONSENT_REVOKED
6a4ff9f789dc41f630239732,69b72d4de7b49f5b911d0132,RETURNED,Not Applicable,,,,,,,588,CONSENT_REVOKED,CONSENT_REVOKED,CONSENT_REVOKED,CONSENT_REVOKED,CONSENT_REVOKED,CONSENT_REVOKED,CONSENT_REVOKED,CONSENT_REVOKED,CONSENT_REVOKED
6a4e79715e5dade7fa1868ea,668d9c450456e3dffe658da7,RETURNED,Not Applicable,,,,2026-07-09T08:01:45.935260Z,,,873,CONSENT_REVOKED,CONSENT_REVOKED,CONSENT_REVOKED,CONSENT_REVOKED,CONSENT_REVOKED,CONSENT_REVOKED,CONSENT_REVOKED,CONSENT_REVOKED,CONSENT_REVOKED
6a4e7a764390d1007c73b0ff,66da824cbc26079e9e3c06a1,RETURNED,Not Applicable,2026-07-08T16:27:34.422000Z,,,2026-07-09T08:01:45.936028Z,,,856,CONSENT_REVOKED,CONSENT_REVOKED,CONSENT_REVOKED,CONSENT_REVOKED,CONSENT_REVOKED,CONSENT_REVOKED,CONSENT_REVOKED,CONSENT_REVOKED,CONSENT_REVOKED
6a4e7a933325a807d20ec081,6a10be5509ee5376f5ccfe51,RETURNED,Not Applicable,,,,2026-07-09T08:01:45.937138Z,,,405,CONSENT_REVOKED,CONSENT_REVOKED,CONSENT_REVOKED,CONSENT_REVOKED,CONSENT_REVOKED,CONSENT_REVOKED,CONSENT_REVOKED,CONSENT_REVOKED,CONSENT_REVOKED
6a4e7ad978ba7f5c73fd41d6,69daee1e6c37379f9531f765,RETURNED,Not Applicable,,,,2026-07-09T08:01:45.937879Z,,,260,CONSENT_REVOKED,CONSENT_REVOKED,CONSENT_REVOKED,CONSENT_REVOKED,CONSENT_REVOKED,CONSENT_REVOKED,CONSENT_REVOKED,CONSENT_REVOKED,CONSENT_REVOKED
6a4e7b8594176e05e90c10e1,69daf476f6bc0d990581aca6,APPROVED,Not Applicable,2026-07-08T16:32:14.308000Z,2026-07-08T16:57:43.619000Z,2026-07-09T14:05:32.624000Z,2026-07-08T16:57:44.043301Z,1530,CM1QRWMW,220,30,Female,Black,United States,United States,United States,English,Yes,Part-Time
6a4e7bd0539aba4fb0cc2aec,6a0dfefeb75ae8ac09c192c6,APPROVED,Not Applicable,2026-07-08T16:33:40.790000Z,2026-07-08T17:15:29.010000Z,2026-07-09T14:05:32.884000Z,2026-07-08T17:15:29.420121Z,2509,CM1QRWMW,787,39,Female,White,United States,United States,United States,English,No,Unemployed (and job seeking)
6a4e7bd46dd96fe1bf4164e7,6a021dc98c730b8d3ce0deca,APPROVED,Not Applicable,2026-07-08T16:33:28.503000Z,2026-07-08T17:16:00.659000Z,2026-07-09T14:05:33.170000Z,2026-07-08T17:16:01.073202Z,2553,CM1QRWMW,799,66,Female,White,United States,United States,United States,English,No,Part-Time
6a4e7c522ed06e4fd3803b6a,6a1a3e6d47ea4b557072cc4d,APPROVED,Not Applicable,2026-07-08T16:42:59.757000Z,2026-07-08T17:13:49.973000Z,2026-07-09T14:05:33.449000Z,2026-07-08T17:13:50.362603Z,1851,CM1QRWMW,500,24,Female,White,United States,United States,United States,English,No,Full-Time
6a4e81dd5cc481248f7bcd8f,6a023ad806e8158958e73b75,APPROVED,Not Applicable,2026-07-08T17:03:02.236000Z,2026-07-08T17:37:42.036000Z,2026-07-09T14:05:33.726000Z,2026-07-08T17:37:42.406031Z,2080,CM1QRWMW,285,33,Female,Mixed,United States,United States,United States,English,No,Unemployed (and job seeking)
6a4e8251c2bb9f3f0791d826,6a1f832105dd8c89b5e930ad,APPROVED,Not Applicable,2026-07-08T17:05:53.807000Z,2026-07-08T17:39:09.388000Z,2026-07-09T14:05:33.961000Z,2026-07-08T17:39:09.776718Z,1996,CM1QRWMW,633,28,Female,White,United States,United States,United States,English,No,Full-Time
6a4e856d2d256231b55861f9,5fea11722b78a59773553298,RETURNED,Not Applicable,2026-07-08T17:14:24.664000Z,,,2026-07-09T08:01:45.937756Z,,,769,CONSENT_REVOKED,CONSENT_REVOKED,CONSENT_REVOKED,CONSENT_REVOKED,CONSENT_REVOKED,CONSENT_REVOKED,CONSENT_REVOKED,CONSENT_REVOKED,CONSENT_REVOKED
6a4e8614247062a01cab058b,69e816058da70eddb5dbc3e1,APPROVED,Not Applicable,2026-07-08T17:17:13.953000Z,2026-07-08T17:46:26.343000Z,2026-07-09T14:05:34.229000Z,2026-07-08T17:46:26.702818Z,1753,CM1QRWMW,324,41,Female,Prefer not to say,United States,United States,United States,English,No,Unemployed (and job seeking)
6a4e87081ae245e8dc31b711,69b5c6bdbcf55371066f5e73,APPROVED,Not Applicable,2026-07-08T17:23:10.268000Z,2026-07-08T17:53:26.864000Z,2026-07-09T14:05:34.483000Z,2026-07-08T17:53:27.248184Z,1817,CM1QRWMW,228,29,Female,White,United States,United States,United States,English,Yes,Other
6a4e8945d9012a8bca485c0f,6a3607f677860830aca5bdeb,APPROVED,Not Applicable,2026-07-08T17:31:07.906000Z,2026-07-08T18:01:10.986000Z,2026-07-09T14:05:34.742000Z,2026-07-08T18:01:11.356488Z,1804,CM1QRWMW,163,25,Female,White,United States,United States,United States,English,No,Unemployed (and job seeking)
6a4e8bf471afa046bb04b412,699b610e2ba4bade6f39121b,APPROVED,Not Applicable,2026-07-08T17:42:19.668000Z,2026-07-08T18:21:41.291000Z,2026-07-09T14:05:34.994000Z,2026-07-08T18:21:41.666129Z,2362,CM1QRWMW,181,53,Male,White,United States,United States,United States,English,No,Part-Time
6a4e8cdb4a503183df972fce,6565f2c0e31a069d9dfcd44e,RETURNED,Not Applicable,,,,2026-07-09T08:01:45.943247Z,,,808,CONSENT_REVOKED,CONSENT_REVOKED,CONSENT_REVOKED,CONSENT_REVOKED,CONSENT_REVOKED,CONSENT_REVOKED,CONSENT_REVOKED,CONSENT_REVOKED,CONSENT_REVOKED
6a4e8ddfd12f7ea21c972ffd,6a0494651129b830f3455094,RETURNED,Not Applicable,2026-07-08T17:50:41.668000Z,,,2026-07-09T08:01:45.944462Z,,,530,CONSENT_REVOKED,CONSENT_REVOKED,CONSENT_REVOKED,CONSENT_REVOKED,CONSENT_REVOKED,CONSENT_REVOKED,CONSENT_REVOKED,CONSENT_REVOKED,CONSENT_REVOKED
6a4e8f2f01fbd9bb46727766,69f3d4f3fb7630947c56f1eb,APPROVED,Not Applicable,2026-07-08T17:57:06.718000Z,2026-07-08T18:33:14.930000Z,2026-07-09T14:05:35.252000Z,2026-07-08T18:33:15.326541Z,2169,CM1QRWMW,878,42,Male,Mixed,United States,United States,United States,English,No,Part-Time
6a4e8fa2a4ada0e8a4c3816a,6a1cb95bf369926ac77ea9e5,APPROVED,Not Applicable,2026-07-08T17:58:20.675000Z,2026-07-08T18:36:14.681000Z,2026-07-09T14:05:35.528000Z,2026-07-08T18:36:15.119516Z,2275,CM1QRWMW,182,60,Female,White,United States,United States,United States,English,No,"Not in paid work (e.g. homemaker', 'retired or disabled)"
6a4e9091f31b9f8484b3215b,6978d830c5d415696508430d,APPROVED,Not Applicable,2026-07-08T18:01:55.782000Z,2026-07-08T19:04:40.425000Z,2026-07-09T14:05:35.813000Z,2026-07-08T19:04:40.857637Z,3765,CM1QRWMW,701,31,Male,Mixed,United States,United States,United States,English,No,Other
6a4e937497253fea66fcef15,69dbf4749918745fc7d8e820,APPROVED,Not Applicable,2026-07-08T18:14:17.085000Z,2026-07-08T18:50:48.727000Z,2026-07-09T14:05:36.110000Z,2026-07-08T18:50:49.150200Z,2192,CM1QRWMW,245,59,Female,White,United States,United States,United States,English,No,Full-Time
6a4e971eae5f18bc632c8e81,6a00b0ca46e3f2822d0349b6,APPROVED,Not Applicable,2026-07-08T18:29:57.965000Z,2026-07-08T19:03:05.129000Z,2026-07-09T14:05:36.382000Z,2026-07-08T19:03:05.591622Z,1988,CM1QRWMW,189,36,Female,White,United States,United States,United States,English,No,"Not in paid work (e.g. homemaker', 'retired or disabled)"
6a4e97f3ebb4164462115b73,699e3cc79b0d3d96b469ca49,APPROVED,Not Applicable,2026-07-08T18:37:16.436000Z,2026-07-08T19:28:26.615000Z,2026-07-09T14:05:36.634000Z,2026-07-08T19:28:27.015967Z,3071,CM1QRWMW,659,25,Female,White,United States,United States,United States,English,No,Part-Time
6a4e9a0c3f3878b0d9896fe1,6a14ed7d826b3c0b54334269,APPROVED,Not Applicable,2026-07-08T18:43:52.598000Z,2026-07-08T19:32:30.769000Z,2026-07-09T14:05:36.887000Z,2026-07-08T19:32:31.220438Z,2919,CM1QRWMWPay attention and answer all question,260,32,Female,Mixed,United States,United States,United States,English,No,"Not in paid work (e.g. homemaker', 'retired or disabled)"
6a4e9e7ecad42c1969803b35,6a150fcbc5238897c2c9408e,APPROVED,Not Applicable,2026-07-08T19:01:26.516000Z,2026-07-08T19:37:48.345000Z,2026-07-09T14:05:37.151000Z,2026-07-08T19:37:48.704504Z,2182,CM1QRWMW,120,39,Male,Mixed,United States,United States,United States,English,No,Other
6a4e9ef0a0c725440e331c87,6a1e3f42466490f40e1fa471,RETURNED,Not Applicable,,,,2026-07-09T08:01:45.945759Z,,,303,CONSENT_REVOKED,CONSENT_REVOKED,CONSENT_REVOKED,CONSENT_REVOKED,CONSENT_REVOKED,CONSENT_REVOKED,CONSENT_REVOKED,CONSENT_REVOKED,CONSENT_REVOKED
6a4e9f7c0619e427e1de0506,6a18b37c0157d881234ed29f,APPROVED,Not Applicable,2026-07-08T19:07:26.979000Z,2026-07-08T19:45:57.094000Z,2026-07-09T14:05:37.398000Z,2026-07-08T19:45:57.432447Z,2311,CM1QRWMW,794,31,Male,White,United States,United States,United States,English,No,Full-Time
6a4ea06102899f7e1e65a169,69d2a8765e19038ab2fc0f56,APPROVED,Not Applicable,2026-07-08T19:11:49.754000Z,2026-07-08T19:57:21.339000Z,2026-07-09T14:05:37.670000Z,2026-07-08T19:57:21.711441Z,2732,CM1QRWMW,132,37,Female,White,United States,United States,United States,English,No,Other
6a4ea4e09fd51ac1886fd6e0,6a0c87ea966225f4c2dcea52,RETURNED,Not Applicable,,,,2026-07-09T08:01:45.947351Z,,,416,CONSENT_REVOKED,CONSENT_REVOKED,CONSENT_REVOKED,CONSENT_REVOKED,CONSENT_REVOKED,CONSENT_REVOKED,CONSENT_REVOKED,CONSENT_REVOKED,CONSENT_REVOKED
6a4ea52e7df3668cb604c220,6a04e2a3538404f177aaf602,RETURNED,Not Applicable,,,,2026-07-09T08:01:45.948934Z,,,334,CONSENT_REVOKED,CONSENT_REVOKED,CONSENT_REVOKED,CONSENT_REVOKED,CONSENT_REVOKED,CONSENT_REVOKED,CONSENT_REVOKED,CONSENT_REVOKED,CONSENT_REVOKED
6a4ea64ba58fed86d7d6f2c3,6a24a91d371458cff214bd42,RETURNED,Not Applicable,2026-07-08T19:34:53.232000Z,,,2026-07-09T08:01:45.950894Z,,,499,CONSENT_REVOKED,CONSENT_REVOKED,CONSENT_REVOKED,CONSENT_REVOKED,CONSENT_REVOKED,CONSENT_REVOKED,CONSENT_REVOKED,CONSENT_REVOKED,CONSENT_REVOKED
6a4ea73d9103cf3a5204d608,69fd502ade7763b4307a98af,RETURNED,Not Applicable,2026-07-08T19:38:45.452000Z,,,2026-07-09T08:01:45.951570Z,,,217,CONSENT_REVOKED,CONSENT_REVOKED,CONSENT_REVOKED,CONSENT_REVOKED,CONSENT_REVOKED,CONSENT_REVOKED,CONSENT_REVOKED,CONSENT_REVOKED,CONSENT_REVOKED
6a4ea9953f841010aa7e8a7e,6a061f0e3198b87bb067f8ee,RETURNED,Not Applicable,2026-07-08T19:49:21.477000Z,,,2026-07-09T08:01:45.951577Z,,,264,CONSENT_REVOKED,CONSENT_REVOKED,CONSENT_REVOKED,CONSENT_REVOKED,CONSENT_REVOKED,CONSENT_REVOKED,CONSENT_REVOKED,CONSENT_REVOKED,CONSENT_REVOKED
6a4ea996e99df4fa7aeeb880,697fbf364b7ae21cd2275b9b,RETURNED,Not Applicable,,,,2026-07-09T08:01:45.952551Z,,,677,CONSENT_REVOKED,CONSENT_REVOKED,CONSENT_REVOKED,CONSENT_REVOKED,CONSENT_REVOKED,CONSENT_REVOKED,CONSENT_REVOKED,CONSENT_REVOKED,CONSENT_REVOKED
6a4eaa88d712540c166ad366,69efe0b03221edd72686c185,APPROVED,Not Applicable,2026-07-08T19:54:35.157000Z,2026-07-08T20:20:53.816000Z,2026-07-09T14:05:37.945000Z,2026-07-08T20:20:54.187697Z,1579,CM1QRWMW,592,41,Female,White,United States,United States,United States,English,No,Part-Time
6a4eac0dfa01dc41709e68ec,66da162f5538535e93490441,APPROVED,Not Applicable,2026-07-08T20:01:20.295000Z,2026-07-08T20:39:53.206000Z,2026-07-09T14:05:38.203000Z,2026-07-08T20:39:53.555403Z,2313,CM1QRWMW,167,54,Female,Black,United States,United States,United States,English,No,Other
6a4eac2aa5eceff3f90ced46,6a01e85dcf9bc24f7a57a0f3,APPROVED,Not Applicable,2026-07-08T20:01:38.667000Z,2026-07-08T20:15:55.796000Z,2026-07-09T14:05:38.448000Z,2026-07-08T20:15:56.171446Z,858,NOCODE,205,37,Female,White,United States,United States,United States,English,No,Full-Time
6a4ead691ea04538611a6d71,6a2482e9af72b55296872b0d,APPROVED,Not Applicable,2026-07-08T20:05:04.974000Z,2026-07-08T20:24:22.866000Z,2026-07-09T14:05:38.691000Z,2026-07-08T20:24:23.228235Z,1158,CM1QRWMW,493,41,Male,Black,United States,United States,United States,English,No,"Not in paid work (e.g. homemaker', 'retired or disabled)"
6a4eb003149a1d96ff37dc43,69d816bc3b08b85dbbe7ee24,RETURNED,Not Applicable,,,,2026-07-09T08:01:45.960060Z,,,353,CONSENT_REVOKED,CONSENT_REVOKED,CONSENT_REVOKED,CONSENT_REVOKED,CONSENT_REVOKED,CONSENT_REVOKED,CONSENT_REVOKED,CONSENT_REVOKED,CONSENT_REVOKED
6a4eb0f81465e3da31cb0cad,69a8cff018bead25e4a5d848,APPROVED,Not Applicable,2026-07-08T20:20:17.196000Z,2026-07-08T21:45:43.797000Z,2026-07-09T14:05:38.961000Z,2026-07-08T21:45:44.182195Z,5127,CM1QRWMW,354,52,Female,Mixed,United States,United States,United States,English,No,Other
6a4eb1c82f96cc26e72436a6,69f0438cc141b27ed949788e,APPROVED,Not Applicable,2026-07-08T20:23:55.935000Z,2026-07-08T20:59:10.754000Z,2026-07-09T14:05:39.210000Z,2026-07-08T20:59:11.130617Z,2115,CM1QRWMW,602,49,Male,White,United States,United States,United States,English,No,Part-Time
6a4eb35de503897dc5eaf2f9,692a268e1eab9d860c677fa2,RETURNED,Not Applicable,2026-07-08T20:30:34.261000Z,,,2026-07-09T08:01:45.954959Z,,,763,CONSENT_REVOKED,CONSENT_REVOKED,CONSENT_REVOKED,CONSENT_REVOKED,CONSENT_REVOKED,CONSENT_REVOKED,CONSENT_REVOKED,CONSENT_REVOKED,CONSENT_REVOKED
6a4eb368a8c4cfefbc8418fe,69e957ad6c65e153a1c65ae2,APPROVED,Not Applicable,2026-07-08T20:30:37.050000Z,2026-07-08T21:11:25.949000Z,2026-07-09T14:05:39.484000Z,2026-07-08T21:11:26.346063Z,2449,CM1QRWMW,238,30,Female,White,United States,United States,United States,English,No,Unemployed (and job seeking)
6a4eb4fa5b6cb7e7cc113f8b,69f6484996726366cacd162c,APPROVED,Not Applicable,2026-07-08T20:37:52.809000Z,2026-07-08T21:27:42.122000Z,2026-07-09T14:05:39.756000Z,2026-07-08T21:27:42.481141Z,2990,CM1QRWMW,175,41,Female,White,United States,United States,United States,English,No,"Not in paid work (e.g. homemaker', 'retired or disabled)"
6a4eb5a1734b969f488f3ef9,655f8b8f7ee2491a2184b5cc,RETURNED,Not Applicable,2026-07-08T20:40:16.689000Z,,,2026-07-09T08:01:45.957108Z,,,913,CONSENT_REVOKED,CONSENT_REVOKED,CONSENT_REVOKED,CONSENT_REVOKED,CONSENT_REVOKED,CONSENT_REVOKED,CONSENT_REVOKED,CONSENT_REVOKED,CONSENT_REVOKED
6a60e95500a5fe1676659882,69fd3605435216c2d93bc72f,APPROVED,Not Applicable,2026-07-22T16:01:25.302000Z,2026-07-22T16:35:17.057000Z,2026-07-25T20:28:14.211000Z,2026-07-22T16:35:17.983459Z,2032,CM1QRWMW,713,20,Female,Black,United States,United States,United States,English,No,Unemployed (and job seeking)
6a60e95b589fbffb6a9a60da,6a15dfdb880253e5b6b917f3,APPROVED,Not Applicable,2026-07-22T16:01:36.408000Z,2026-07-22T16:49:49.028000Z,2026-07-25T20:28:14.500000Z,2026-07-22T16:49:49.408259Z,2893,CM1QRWMW,454,60,Male,Black,United States,United States,United States,English,No,Unemployed (and job seeking)
6a60e95d897b06f2abbb752e,69e9911ce4368cd5fab9bd85,RETURNED,Not Applicable,2026-07-22T16:01:36.330000Z,,,2026-07-24T14:41:16.965274Z,,,790,CONSENT_REVOKED,CONSENT_REVOKED,CONSENT_REVOKED,CONSENT_REVOKED,CONSENT_REVOKED,CONSENT_REVOKED,CONSENT_REVOKED,CONSENT_REVOKED,CONSENT_REVOKED
6a60effb5cd1ab7026331bef,69f58465fa29b67f229edcb1,RETURNED,Not Applicable,2026-07-22T16:34:18.484000Z,,,2026-07-24T14:41:16.957871Z,,,766,CONSENT_REVOKED,CONSENT_REVOKED,CONSENT_REVOKED,CONSENT_REVOKED,CONSENT_REVOKED,CONSENT_REVOKED,CONSENT_REVOKED,CONSENT_REVOKED,CONSENT_REVOKED
6a60f14dc4dda5ed5dbb8dea,6a0b7296246f70341f078e55,APPROVED,Not Applicable,2026-07-22T16:35:45.757000Z,2026-07-22T17:19:38.275000Z,2026-07-25T20:28:14.739000Z,2026-07-22T17:19:38.623939Z,2633,CM1QRWMW,578,31,Female,White,United States,United States,United States,English,No,"Not in paid work (e.g. homemaker', 'retired or disabled)"
6a60f453770851f077508dd5,6a04948f1e40214a25ff2563,APPROVED,Not Applicable,2026-07-22T16:48:21.945000Z,2026-07-22T17:22:31.735000Z,2026-07-25T20:28:14.982000Z,2026-07-22T17:22:32.055090Z,2050,CM1QRWMW,342,28,Male,White,United States,United States,United States,English,No,Full-Time
6a60f4b3710806b480e87188,69ab73e18d186d5aefe45bd3,RETURNED,Not Applicable,2026-07-22T16:50:51.957000Z,,,2026-07-24T14:41:16.961568Z,,,843,CONSENT_REVOKED,CONSENT_REVOKED,CONSENT_REVOKED,CONSENT_REVOKED,CONSENT_REVOKED,CONSENT_REVOKED,CONSENT_REVOKED,CONSENT_REVOKED,CONSENT_REVOKED
6a60f632d3a21409b7c9b86a,6a15d6a799a27da826906cdb,RETURNED,Not Applicable,,,,2026-07-24T14:41:16.961190Z,,,129,CONSENT_REVOKED,CONSENT_REVOKED,CONSENT_REVOKED,CONSENT_REVOKED,CONSENT_REVOKED,CONSENT_REVOKED,CONSENT_REVOKED,CONSENT_REVOKED,CONSENT_REVOKED
6a60f6753543031145a3f78b,6a15d5fb80117206e7200cf7,APPROVED,Not Applicable,2026-07-22T16:57:44.085000Z,2026-07-22T17:41:05.754000Z,2026-07-25T20:28:15.224000Z,2026-07-22T17:41:06.093256Z,2602,CM1QRWMW,300,26,Female,White,United States,United States,United States,English,No,"Not in paid work (e.g. homemaker', 'retired or disabled)"
6a60fbc62438d43add561086,6a1582166cefcdcbed565058,APPROVED,Not Applicable,2026-07-22T17:20:10.139000Z,2026-07-22T17:47:38.445000Z,2026-07-25T20:28:15.475000Z,2026-07-22T17:47:38.779109Z,1649,CM1QRWMW,958,50,Female,White,United States,United States,United States,English,No,Full-Time
6a60fc5b76b0bec381c9b870,69b19e44edf4d70aee145c16,APPROVED,Not Applicable,2026-07-22T17:22:41.963000Z,2026-07-22T18:05:49.228000Z,2026-07-25T20:28:15.728000Z,2026-07-22T18:05:49.579963Z,2588,CM1QRWMW,359,43,Female,Black,United States,United States,United States,English,No,Full-Time
6a6100bf27276dc05afac1b1,6a14c736578656591db6ea31,APPROVED,Not Applicable,2026-07-22T17:41:21.365000Z,2026-07-22T18:05:52.228000Z,2026-07-25T20:28:15.967000Z,2026-07-22T18:05:52.554434Z,1471,CM1QRWMW,122,20,Female,White,United States,United States,United States,English,Yes,Unemployed (and job seeking)
6a6102456d008c27169c4359,6a23572b5e63504d6df99475,RETURNED,Not Applicable,2026-07-22T17:48:06.402000Z,,,2026-07-24T14:41:16.963028Z,,,943,CONSENT_REVOKED,CONSENT_REVOKED,CONSENT_REVOKED,CONSENT_REVOKED,CONSENT_REVOKED,CONSENT_REVOKED,CONSENT_REVOKED,CONSENT_REVOKED,CONSENT_REVOKED
6a610699f29c10c1a42708ce,6a1f0ef7a64d44c972d3a5f7,APPROVED,Not Applicable,2026-07-22T18:06:20.799000Z,2026-07-22T18:25:50.857000Z,2026-07-25T20:28:16.189000Z,2026-07-22T18:25:51.257049Z,1171,CM1QRWMW,422,29,Female,White,United States,United States,United States,English,No,Full-Time
6a61069e826beef7dd237b6c,69864a705614c15728117b35,APPROVED,Not Applicable,2026-07-22T18:15:58.733000Z,2026-07-22T19:00:26.407000Z,2026-07-25T20:28:16.430000Z,2026-07-22T19:00:26.768761Z,2668,CM1QRWMW,369,30,Female,Black,United States,United States,United States,English,Yes,Part-Time
6a6108c4a56f285f729c433d,69d5c4d748bcaf8026c80573,APPROVED,Not Applicable,2026-07-22T18:21:26.177000Z,2026-07-22T19:02:59.389000Z,2026-07-25T20:28:16.702000Z,2026-07-22T19:02:59.738725Z,2494,CM1QRWMW,779,39,Male,White,United States,United States,United States,English,No,Part-Time
6a610b371d8f735a6975cf6f,6a2246c064ad457dd7095caa,RETURNED,Not Applicable,2026-07-22T18:26:15.742000Z,,,2026-07-24T14:41:16.963815Z,,,252,CONSENT_REVOKED,CONSENT_REVOKED,CONSENT_REVOKED,CONSENT_REVOKED,CONSENT_REVOKED,CONSENT_REVOKED,CONSENT_REVOKED,CONSENT_REVOKED,CONSENT_REVOKED
6a610b656a98ecc57f7626fc,6a0dbb470d44c02c7ec444f0,APPROVED,Not Applicable,2026-07-22T18:26:45.905000Z,2026-07-22T19:08:09.699000Z,2026-07-25T20:28:16.948000Z,2026-07-22T19:08:10.083815Z,2484,CM1QRWMW,598,53,Male,White,United States,United States,United States,English,No,"Not in paid work (e.g. homemaker', 'retired or disabled)"
6a61135afb5a864055505cd9,69d57b539f7312ea98bf73f7,RETURNED,Not Applicable,,,,2026-07-24T14:41:16.965628Z,,,199,CONSENT_REVOKED,CONSENT_REVOKED,CONSENT_REVOKED,CONSENT_REVOKED,CONSENT_REVOKED,CONSENT_REVOKED,CONSENT_REVOKED,CONSENT_REVOKED,CONSENT_REVOKED
6a6113674cf168a52eb5a751,69e599577d00fb31c54fb004,APPROVED,Not Applicable,2026-07-22T19:04:53.831000Z,2026-07-22T19:56:01.211000Z,2026-07-25T20:28:17.180000Z,2026-07-22T19:56:01.599744Z,3068,CM1QRWMW,311,37,Male,Mixed,United States,United States,United States,English,No,Full-Time
6a6113f457d8e31881d01ed5,699d45af20adaa6e1e89aa5a,APPROVED,Not Applicable,2026-07-22T19:03:28.409000Z,2026-07-22T19:29:16.004000Z,2026-07-25T20:28:18.088000Z,2026-07-22T19:29:16.358660Z,1548,CM1QRWMW,562,26,Female,White,United States,United States,United States,English,No,Full-Time
6a611529fc34c1d38b6319fb,665795d82a087799023aaf0e,APPROVED,Not Applicable,2026-07-22T19:08:32.522000Z,2026-07-22T19:43:00.115000Z,2026-07-25T20:28:18.328000Z,2026-07-22T19:43:00.492000Z,2068,CM1QRWMW,456,33,Female,White,United States,United States,United States,English,No,Unemployed (and job seeking)
6a611a24c0405c2863785a5d,696008e6c06938688afe5ae2,RETURNED,Not Applicable,,,,2026-07-24T14:41:16.966545Z,,,632,CONSENT_REVOKED,CONSENT_REVOKED,CONSENT_REVOKED,CONSENT_REVOKED,CONSENT_REVOKED,CONSENT_REVOKED,CONSENT_REVOKED,CONSENT_REVOKED,CONSENT_REVOKED
6a611a69be8bf8e68ec87e49,6a0e0a9490e868c044e21936,APPROVED,Not Applicable,2026-07-22T19:37:42.450000Z,2026-07-22T20:11:37.542000Z,2026-07-25T20:28:18.539000Z,2026-07-22T20:11:37.896939Z,2036,CM1QRWMW,750,60,Female,White,United States,United States,United States,English,No,Full-Time
6a611d62001088f95ac20f0b,65465c5bc5a014ec683d55cf,APPROVED,Not Applicable,2026-07-22T19:43:53.787000Z,2026-07-22T20:36:05.448000Z,2026-07-25T20:28:18.789000Z,2026-07-22T20:36:05.790971Z,3132,CM1QRWMW,807,42,Female,White,United States,United States,United States,English,No,Part-Time
6a6120596a13c50999798292,6a0ccabeb492695467a7d337,RETURNED,Not Applicable,2026-07-22T20:01:22.025000Z,,,2026-07-24T14:41:16.967529Z,,,557,CONSENT_REVOKED,CONSENT_REVOKED,CONSENT_REVOKED,CONSENT_REVOKED,CONSENT_REVOKED,CONSENT_REVOKED,CONSENT_REVOKED,CONSENT_REVOKED,CONSENT_REVOKED
6a6121af752e7cc4cbaec381,6a177f7ec67996448d9c7d41,APPROVED,Not Applicable,2026-07-22T20:01:54.075000Z,2026-07-22T20:27:16.783000Z,2026-07-25T20:28:19.033000Z,2026-07-22T20:27:17.154529Z,1523,CM1QRWMW,523,33,Female,Black,United States,United States,United States,English,No,"Not in paid work (e.g. homemaker', 'retired or disabled)"
6a61240c84a7913f8ada85db,6a0f3c353b8b69bdf8d8a5ba,RETURNED,Not Applicable,2026-07-22T20:12:12.198000Z,,,2026-07-24T14:41:16.969892Z,,,282,CONSENT_REVOKED,CONSENT_REVOKED,CONSENT_REVOKED,CONSENT_REVOKED,CONSENT_REVOKED,CONSENT_REVOKED,CONSENT_REVOKED,CONSENT_REVOKED,CONSENT_REVOKED
6a6127b392932556f5aee676,69b3193cce0978ad6db9fe7c,APPROVED,Not Applicable,2026-07-22T20:28:30.290000Z,2026-07-22T21:06:51.513000Z,2026-07-25T20:28:19.276000Z,2026-07-22T21:06:51.858486Z,2302,CM1QRWMW,783,45,Female,White,United States,United States,United States,English,No,Part-Time
6a6129c2a9d076925a914c05,69ff30969a81b27297085a8c,RETURNED,Not Applicable,2026-07-22T20:36:18.106000Z,,,2026-07-24T14:41:16.975301Z,,,501,CONSENT_REVOKED,CONSENT_REVOKED,CONSENT_REVOKED,CONSENT_REVOKED,CONSENT_REVOKED,CONSENT_REVOKED,CONSENT_REVOKED,CONSENT_REVOKED,CONSENT_REVOKED
6a612bb27e4fd28a1e747139,6a0f1056788a67850f057de4,APPROVED,Not Applicable,2026-07-22T20:44:38.454000Z,2026-07-22T21:15:34.014000Z,2026-07-25T20:28:19.537000Z,2026-07-22T21:15:34.379262Z,1856,CM1QRWMW,666,58,Female,White,United States,United States,United States,English,No,Full-Time
6a612bb8885ea6c4624e5168,6a0cf51bce46a86a0bb9f29e,RETURNED,Not Applicable,2026-07-22T20:49:20.120000Z,,,2026-07-24T14:41:16.971805Z,,,243,CONSENT_REVOKED,CONSENT_REVOKED,CONSENT_REVOKED,CONSENT_REVOKED,CONSENT_REVOKED,CONSENT_REVOKED,CONSENT_REVOKED,CONSENT_REVOKED,CONSENT_REVOKED
6a612dbbf7034105c4e036e6,6a00b4c7593a89490830c18c,APPROVED,Not Applicable,2026-07-22T20:53:19.630000Z,2026-07-22T21:40:11.697000Z,2026-07-25T20:28:19.774000Z,2026-07-22T21:40:12.034493Z,2813,CM1QRWMW,178,34,Male,White,United States,United States,United States,English,Yes,Full-Time
6a6130fa3e229d821b047136,69fd3e574bc5f080f24d2514,RETURNED,Not Applicable,,,,2026-07-24T14:41:16.973467Z,,,950,CONSENT_REVOKED,CONSENT_REVOKED,CONSENT_REVOKED,CONSENT_REVOKED,CONSENT_REVOKED,CONSENT_REVOKED,CONSENT_REVOKED,CONSENT_REVOKED,CONSENT_REVOKED
6a613281edaa40c486395d1d,69fdf1e7033de9edda8f96ab,RETURNED,Not Applicable,2026-07-22T21:13:41.432000Z,,,2026-07-24T14:41:16.974932Z,,,817,CONSENT_REVOKED,CONSENT_REVOKED,CONSENT_REVOKED,CONSENT_REVOKED,CONSENT_REVOKED,CONSENT_REVOKED,CONSENT_REVOKED,CONSENT_REVOKED,CONSENT_REVOKED
6a6133044ee069ce81762782,6980dfb784202dcf9736910f,APPROVED,Not Applicable,2026-07-22T21:18:42.746000Z,2026-07-22T21:46:42.540000Z,2026-07-25T20:28:20.024000Z,2026-07-22T21:46:42.904272Z,1680,CM1QRWMW,174,21,Female,White,United States,United States,United States,English,Yes,"Not in paid work (e.g. homemaker', 'retired or disabled)"
6a61348f992439f1f2671268,65c11cbba0cb3e89054d1b9b,RETURNED,Not Applicable,2026-07-22T21:25:47.771000Z,,,2026-07-24T14:41:16.974476Z,,,579,CONSENT_REVOKED,CONSENT_REVOKED,CONSENT_REVOKED,CONSENT_REVOKED,CONSENT_REVOKED,CONSENT_REVOKED,CONSENT_REVOKED,CONSENT_REVOKED,CONSENT_REVOKED
6a613a5082e9e4d5555db293,69e6a58125397cb2600966e2,RETURNED,Not Applicable,2026-07-22T21:47:05.051000Z,,,2026-07-24T14:41:16.981322Z,,,993,CONSENT_REVOKED,CONSENT_REVOKED,CONSENT_REVOKED,CONSENT_REVOKED,CONSENT_REVOKED,CONSENT_REVOKED,CONSENT_REVOKED,CONSENT_REVOKED,CONSENT_REVOKED
6a613aeb6fba6536ed34903c,699e4bcadd64768ae7feedad,AWAITING REVIEW,Not Applicable,2026-07-22T21:54:08.108000Z,2026-07-22T22:09:40.454000Z,,2026-07-22T22:09:40.978709Z,933,NOCODE,752,72,Male,White,United States,United States,United States,English,No,"Not in paid work (e.g. homemaker', 'retired or disabled)"
6a613d8a11e1b4bc6008d13e,69718893ecd7455680ec4676,RETURNED,Not Applicable,,,,2026-07-24T14:41:16.981600Z,,,966,CONSENT_REVOKED,CONSENT_REVOKED,CONSENT_REVOKED,CONSENT_REVOKED,CONSENT_REVOKED,CONSENT_REVOKED,CONSENT_REVOKED,CONSENT_REVOKED,CONSENT_REVOKED
6a613d927543da42dbb8ebfc,697a495862ac67423e8418b8,APPROVED,Not Applicable,2026-07-22T22:02:05.773000Z,2026-07-22T22:46:19.001000Z,2026-07-25T20:28:20.258000Z,2026-07-22T22:46:19.599321Z,2654,CM1QRWMW,839,37,Female,Black,United States,United States,United States,English,No,Full-Time
6a6138d211156a3e02a74911,69f8d4265b93aa2a6beb30d7,RETURNED,Not Applicable,2026-07-22T21:40:41.481000Z,2026-07-22T21:54:38.324000Z,,2026-07-22T21:54:38.676000Z,,NOCODE,322,CONSENT_REVOKED,CONSENT_REVOKED,CONSENT_REVOKED,CONSENT_REVOKED,CONSENT_REVOKED,CONSENT_REVOKED,CONSENT_REVOKED,CONSENT_REVOKED,CONSENT_REVOKED
