freq,500000,100000,20000,4000,800,125
300,1.15695284934512,2.76399507287138,4.36153988179153,5.91354574513976,7.27685058803495,8.22782687789699
300,1.15695284934512,2.76399507287138,4.36153988179153,5.91354574513976,7.27685058803495,8.22782687789699
300,1.15695284934512,2.76399507287138,4.36153988179153,5.91354574513976,7.27685058803495,8.22782687789699
431,1.15669104072572,2.76268984329949,4.3551074125816,5.88353547562192,7.16433392063696,7.95914775257083
462,1.1566290960423,2.76238122129428,4.35359126038253,5.87656367182893,7.13946300372025,7.90489122699332
469,1.15661510906418,2.76231154563445,4.35324922133788,5.87499609788796,7.13393157910702,7.89303672745877
478,1.15659712609405,2.76222196977608,4.35280962868665,5.87298424966271,7.12686441188393,7.87799885009423
499,1.15655516708799,2.7620129906384,4.35178466337252,5.86830561798024,7.11056603015081,7.84376567845198
538,1.15647724789016,2.76162500235277,4.34988393906317,5.85967438148163,7.08098480613324,7.78314105663555
652,1.15624951888669,2.76049174511135,4.34434860082187,5.83486353318286,6.99921885143667,7.62447569645376
680,1.15619359337945,2.76021359757216,4.34299371819905,5.82886265790972,6.98011868006325,7.58907376940285
680,1.15619359337945,2.76021359757216,4.34299371819905,5.82886265790972,6.98011868006325,7.58907376940285
687,1.15617961249133,2.76014407277413,4.34265528417836,5.82736804889871,6.97540010036126,7.58041570665973
725,1.15610371965198,2.75976673676186,4.34082006681792,5.81929320689357,6.9501663577799,7.53467969733705
733,1.15608774294602,2.75968731574106,4.34043413406191,5.81760151691516,6.9449341679496,7.52531194733345
737,1.15607975468875,2.75964760759592,4.34024122352357,5.81675674389766,6.94232830328282,7.52066077615772
777,1.15599987562561,2.75925061284097,4.33831416217663,5.80834803343145,6.91663645985837,7.47530152675879
834,1.1558860589841,2.7586851674881,4.33557450027702,5.79648648555798,6.88112977140146,7.41402497193797
863,1.15582815724334,2.75839760743316,4.33418351269154,5.79050523641763,6.86353756762848,7.38423334907354
863,1.15582815724334,2.75839760743316,4.33418351269154,5.79050523641763,6.86353756762848,7.38423334907354
867,1.15582017105944,2.75835795046593,4.33399180408803,5.78968303698796,6.86113516407062,7.38019293953654
879,1.1557962128904,2.75823898899939,4.33341689869204,5.78722048700558,6.85396238974387,7.36816874656974
890,1.15577425173967,2.75812995341899,4.3328901922708,5.78496846435249,6.84743223890429,7.35727215534552
924,1.15570637486829,2.75779300949714,4.33126394233091,5.77803955951707,6.82751359559777,7.32432343842511
1036,1.15548281304852,2.75668387886254,4.32592551211218,5.75554865165717,6.76457147564098,7.22287906512352
1061,1.1554329176791,2.75643647291265,4.32473777887993,5.75059667560733,6.75104679017916,7.20157446726374
1124,1.1553071923887,2.75581328126106,4.32175093299459,5.73822538380479,6.71775441559576,7.14981753669583
1155,1.15524533336539,2.7555067739099,4.32028448366724,5.73219365037035,6.70177057440195,7.12530068990775
1276,1.15500392023953,2.75431130469411,4.3145810909592,5.70899253298421,6.64171780253563,7.03497450048441
1297,1.15496202802818,2.75410397202811,4.31359455011392,5.70502014527689,6.63165301591949,7.02009643645823
1310,1.15493609563393,2.75397564477369,4.31298432172875,5.70256893258543,6.6254728203513,7.01099591862769
1311,1.15493410086223,2.75396577412849,4.31293739650409,5.70238062639901,6.62499899897309,7.01029929721324
1342,1.15487226491298,2.75365983244254,4.3114838056449,5.69656065315151,6.61042079581372,6.98894126867843
1343,1.1548702702686,2.75364996491411,4.31143695077784,5.69637347486364,6.60995405134783,6.98825983764695
1379,1.15479846572055,2.7532947987222,4.309751636021,5.68965828454817,6.59329471187679,6.96403254231163
1391,1.15477453201691,2.75317643801781,4.30919049501961,5.68742987136974,6.58780270722595,6.95608548061909
1420,1.15471669459788,2.7528904574724,4.30783570281967,5.68206495238772,6.57465357195509,6.93713685748957
1424,1.15470871728535,2.75285101829746,4.30764897889046,5.68132721720118,6.57285339145094,6.93455120640454
1425,1.15470672296716,2.75284115874676,4.30760230335543,5.68114286841275,6.57240385222107,6.93390583690812
1443,1.15467082591989,2.75266370345517,4.30676251605218,5.67783038838721,6.5643465123012,6.92235984591106
1485,1.1545870711538,2.75224976352969,4.30480575061232,5.67014367411208,6.54579474349311,6.8959265888429
1673,1.15421225481938,2.75039898675826,4.29609352163301,5.63644268949485,6.4667287793,6.78548583178985
1965,1.15363037169371,2.74753115069496,4.28271049041153,5.5862517122894,6.35512013286498,6.63499670186256
2006,1.15354869602774,2.74712913275563,4.28084562439155,5.57940179827814,6.34040078615901,6.61556941472279
2185,1.15319219014012,2.74537587187878,4.2727443830084,5.55003376199482,6.27856102099471,6.53491324330557
2267,1.15302891703164,2.74457372756718,4.26905500601696,5.53686299659674,6.25146088270716,6.50003093175089
2280,1.15300303471851,2.74444661741629,4.26847135278019,5.53479078735917,6.24723117085379,6.49461086428155
2283,1.15299706197215,2.74441728659889,4.26833671193444,5.53431319441846,6.24625761893526,6.4933642403927
2287,1.15298909836583,2.74437818018054,4.2681572190015,5.53367675843835,6.24496102231925,6.49170448897434
2415,1.15273429644309,2.74312758158666,4.26243039023187,5.51352176977168,6.20433341014969,6.43999668680883
2436,1.1526924992015,2.74292255451748,4.26149395619318,5.51025353870914,6.19782276864303,6.43176296062189
2456,1.15265269392889,2.7427273297155,4.26060292877969,5.50715083687163,6.19166131969898,6.4239838471028
2475,1.15261488038746,2.74254190144887,4.25975718748159,5.50421216025367,6.18584289875206,6.41664932281184
2667,1.15223284480973,2.74067002678583,4.25125064555706,5.47499078420335,6.12887110113639,6.34540258293915
2681,1.15220499375716,2.74053367288882,4.25063319824098,5.47289309089593,6.12484115900997,6.34040078615901
2702,1.15216321863265,2.74032917689769,4.24970774150613,5.46975477852416,6.11882653397561,6.33294468912782
2761,1.15204585976401,2.73975486423194,4.24711222281523,5.46098995973073,6.10211936354363,6.3122893074876
2846,1.15187680763887,2.7389280440863,4.24338472052752,5.44849622773128,6.0785300915828,6.2832621713588
2925,1.15171971422464,2.73816020018331,4.23993274969675,5.43702271576587,6.05709391600775,6.25701917721996
2995,1.15158053814679,2.73748032447724,4.23688396684739,5.42696515972183,6.03847635699168,6.23432776601788
3226,1.15112139447148,2.73524000853836,4.22688842701571,5.39447513511383,5.97938744062168,6.1629019590841
3419,1.15073794250507,2.73337207022756,4.21861310912956,5.36811649063189,5.93256263469707,6.10690473509644
3731,1.15011837241128,2.7303597580294,4.20537855752939,5.32692254750094,5.86121810215427,6.02253039109098
4107,1.1493722207134,2.72674155144352,4.18965851308543,5.2794328818337,5.78149801073151,5.92948607328328
4922,1.14775680593893,2.7189435508797,4.1564098203186,5.1836406311332,5.62784237321136,5.75336676048115
5061,1.14748155377948,2.7176196339883,4.15084791493766,5.16818127859935,5.60384053034498,5.7261980807228
5117,1.14737068223,2.717086752323,4.14861586012281,5.16201996523651,5.59433120414472,5.71545766293806
6331,1.14497016221716,2.70560389753697,4.10141381556119,5.03701168397197,5.40770929079311,5.50715083687163
6974,1.14370104761434,2.69957495355859,4.07728732874461,4.97663192920249,5.32137593540924,5.41220683878203
7216,1.14322381947249,2.69731527660846,4.06835573218577,4.95481943754704,5.29072122349677,5.37868569471063
7247,1.14316270339431,2.69702618245035,4.06721734453368,4.95205934141739,5.28686141667528,5.3744717280317
7512,1.14264041188268,2.69455829859451,4.05753849470931,4.92877079825421,5.25446051404235,5.33915591193303
7692,1.14228580334708,2.6928854668444,4.0510172050235,4.91325592059028,5.23303622399827,5.31585991860108
10006,1.13773827748422,2.67162585807986,3.97076340617445,4.73267495860595,4.9920592324174,5.05656073776773
10054,1.1376441653731,2.6711896134124,3.96916500423574,4.72925371506927,4.98762709219806,5.05183399336907
10324,1.13711494971714,2.66873927685345,3.96022128964522,4.71022431570309,4.96305583146756,5.0256544877873
10446,1.13687591447789,2.66763405411106,3.95620614520221,4.70174320821062,4.95214825796927,5.01404636505275
10684,1.13640976422414,2.66548147334952,3.94841942174222,4.68540230220469,4.93120600558046,4.99178164740521
10721,1.13633731499975,2.66514724421879,3.94721430800628,4.6828857220634,4.92798931078336,4.98836441942041
10752,1.13627661833913,2.66486730038634,3.94620573505139,4.68078210102504,4.9253021856888,4.98551029972756
10771,1.13623941898091,2.6646957606361,3.94558807984589,4.67949496878081,4.92365879994507,4.98376501843212
10831,1.13612195640729,2.66415424926466,3.94364009052823,4.67544118307945,4.91848682048237,4.97827351643844
10976,1.13583814547044,2.66284680612125,3.93894805674511,4.66571184810404,4.90609720585275,4.96512557348876
11842,1.13414478417462,2.65507360682411,3.91137459476546,4.60949612679719,4.83513616378917,4.8900079062479
11849,1.13413110817278,2.65501102048848,3.91115478348826,4.60905436098899,4.83458260717387,4.88942313533611
12329,1.13319377103969,2.65072870256674,3.89619610760412,4.5792180997191,4.7973372438873,4.85011891138901
13820,1.13028775826907,2.6375425146643,3.85110842436884,4.49183934579661,4.68977031351764,4.73703974675982
13849,1.1302313198633,2.63728775885515,3.85025131101486,4.4902132835919,4.68778869409164,4.73496230770902
13963,1.13000948941091,2.63628693352974,3.84688907107519,4.48384668105258,4.68003671728732,4.72683739664537
14826,1.12833178834214,2.62874282876048,3.82179653358208,4.43692187471425,4.62322457426472,4.66738258060748
15233,1.12754154230539,2.62520460226551,3.81017762441388,4.41553321416605,4.59751166963257,4.64052425693092
16094,1.12587184840611,2.61776056005743,3.78603412130017,4.37173950479915,4.54520223853397,4.58597737333372
16163,1.12573816076805,2.61716639065,3.7841242711549,4.36831152618334,4.54112626632569,4.58173212747116
16233,1.12560255388831,2.61656397062456,3.78219046205455,4.36484583304222,4.53700812896083,4.57744369352649
17258,1.12361898492433,2.60778413256328,3.75429408097176,4.31542747272789,4.47857196795399,4.51666805069987
17403,1.12333869988228,2.60654830710908,3.75040985273201,4.30862966872085,4.47057435217551,4.50836116554611
17482,1.12318602591338,2.60587563747944,3.74829995009979,4.30494539266342,4.46624379860765,4.50386421759497
17594,1.12296961668268,2.6049227540845,3.74531630464487,4.29974526951433,4.46013624335877,4.49752325766334
17597,1.12296382065083,2.60489724290422,3.74523650786064,4.299606351684,4.45997315999563,4.49735396221416
18665,1.12090256514182,2.59585637069781,3.71722596977828,4.25133888344646,4.40354278677686,4.4388359544139
18978,1.12029927478185,2.59322216576862,3.70916338343944,4.2376235314081,4.38759055899148,4.42231537705776
19512,1.11927085843299,2.58874398309926,3.69555634460095,4.21464983872266,4.3609489234369,4.39474522607118
19818,1.1186820175281,2.58618684302703,3.68784169648167,4.20171917049347,4.34599628716508,4.37928256326819
20345,1.11766871471865,2.58179814996555,3.6746932965388,4.17983427820461,4.32075729691482,4.35320036816608
20399,1.11756494280154,2.58134954064689,3.67335573565377,4.17761861998653,4.31820675708516,4.35056583475956
21485,1.11548025699524,2.57236996947021,3.64682885172303,4.13407072404727,4.26824696144076,4.29900459732048
22075,1.11434951211643,2.56752515789155,3.63270702776241,4.11118376695244,4.24211615667769,4.27206847896104
22452,1.11362765424896,2.56444165137726,3.6237867419397,4.09682899802686,4.22576961800017,4.25522907888344
23194,1.11220843565195,2.5584004192245,3.60645917112405,4.06916440710578,4.19435696874654,4.22289228892308
23809,1.11103365378269,2.5534207123313,3.59232149211283,4.0468010585283,4.16904853815055,4.19686072568795
24184,1.11031800011706,2.55039643111513,3.58379803524039,4.03340632680034,4.1539251478585,4.18131411569258
24873,1.10900443927323,2.54486354701483,3.56832449026915,4.00925386546545,4.12672091184552,4.15336494617125
26732,1.1054688875471,2.53008614728694,3.52773161298437,3.94685631083389,4.05681180330316,4.08163427322772
27952,1.1031553973564,2.52050557424974,3.50196025726497,3.90792599116582,4.01345343779807,4.03721003199605
27970,1.10312130392905,2.52036490638977,3.5015849523253,3.90736280476752,4.01282759027582,4.03656914327511
29756,1.09974424465779,2.50650500408787,3.46502970849156,3.85300258854355,3.95259970216016,3.97493794093253
35459,1.08903644484156,2.46349175633283,3.35651675882755,3.69689860968452,3.78147314149187,3.80026466921116
39160,1.08214839496921,2.43653641755553,3.29191512999668,3.60724662744934,3.68428181405892,3.70131800121149
39967,1.08065274125943,2.43075408730066,3.27836635692265,3.58872141531172,3.6642878372328,3.68098395467665
40052,1.08049533662085,2.43014698562106,3.27694991428922,3.58679001353658,3.66220498812342,3.67886607525193
42582,1.07582154177325,2.41224349503538,3.23568307101686,3.53094656742206,3.60211615930783,3.61779792661425
44649,1.072019217354,2.39785064967988,3.20318813064514,3.4875295144031,3.55556994965806,3.57053315403359
44673,1.07197515324806,2.3976847445634,3.20281696409535,3.48703630627983,3.55504202461115,3.569997272272
46425,1.06876370660302,2.38564741586343,3.1760872761934,3.451673683999,3.5172373544517,3.5316337641162
46827,1.0680282860081,2.38290574486503,3.17005357734334,3.44373305838585,3.50876094052351,3.52303496458324
47565,1.06667959173427,2.37789201116332,3.15907067034923,3.42931762007124,3.49338435620476,3.50743903552914
47622,1.06657549992154,2.37750581528946,3.15822739394872,3.42821282962675,3.49220651193663,3.50624453011138
50479,1.06137195954313,2.35833722826996,3.11684597473425,3.37434546152624,3.43487945619703,3.44813014328685
51669,1.05921253909792,2.35046025305939,3.10010247077019,3.35273732880142,3.41193824883189,3.42488645539849
54601,1.05391183155789,2.33131316340157,3.06000685589367,3.30140900655549,3.35756312370743,3.3698218514132
55111,1.05299267409017,2.32801977818581,3.05319374842357,3.29274373553486,3.34839962707264,3.36054585321617
55901,1.05157054699678,2.32293957742793,3.04273090829392,3.2794675683664,3.33436892057679,3.3463448991371
66217,1.03318337088596,2.2588666042469,2.91529339383684,3.12057032088261,3.16721444928938,3.17733758705095
67037,1.03173621050866,2.25394542307639,2.9058274522374,3.10895989977679,3.15505299903155,3.16505315644261
77547,1.01337094347354,2.19292540524176,2.79182645470282,2.97098122669601,3.01101308949591,3.01966593577143
87427,0.996408784860441,2.13877133157204,2.69534922071131,2.85661992818858,2.89224772922347,2.89992786527924
90571,0.991070902342543,2.12213593929711,2.66650291928136,2.8228098926899,2.85723262637731,2.86464751312398
103621,0.969214250298297,2.05590034506336,2.55494033433493,2.693544971868,2.72372996319328,2.73021516368857
125571,0.933495935181344,1.95352580257742,2.391496827739,2.50793177439242,2.53293874282944,2.53829447454733
134910,0.918677511275017,1.9129583057736,2.329316464721,2.43833452642998,2.461640511746,2.46662676374346
149658,0.895714697263253,1.85206878654327,2.23837612181162,2.33743141423355,2.358476792365,2.36297318784222
150646,0.894195052333861,1.84811918276498,2.23256953255032,2.33102213389882,2.3519316420717,2.35639863845122
160011,0.879904266291024,1.81143683002638,2.17914280770516,2.27222726909365,2.29193100547393,2.29613731365087
162411,0.876274558625914,1.80224879091628,2.16589838499989,2.25770013586783,2.27711692561989,2.28126125214397
175611,0.856543301214613,1.753170316579,2.096032774601,2.18136736663067,2.19934426793414,2.20317789892739
185463,0.842066245494203,1.71804834433955,2.04689479877549,2.12796701304032,2.1450011143577,2.14863160474982
227169,0.783001855147585,1.58168391087539,1.86208845465029,1.92901172307597,1.94295111304118,1.94591643416156
236577,0.770146988861014,1.55333381877964,1.82473195334616,1.88912056321559,1.90251117325522,1.90535880184088
266744,0.730007790111919,1.46749671086821,1.71357093619866,1.77098704286855,1.78287672904824,1.78540286654472
353973,0.622261190475557,1.25412304293206,1.44797716554412,1.49170320327714,1.50068261951037,1.50258705685937
435993,0.530552770022126,1.08803966655524,1.24968330931991,1.28540195014443,1.29270136917802,1.2942479189054
463566,0.501519782071419,1.03787631610714,1.19097295760827,1.22462025260441,1.23148773344335,1.23294238573093
511027,0.453438842943954,0.957019619791322,1.0973479004324,1.12794144136533,1.13417409052267,1.13549376589814
768232,0.226781684278528,0.605701807786165,0.702368305069698,0.722875744826314,0.727028186715661,0.727906298947989
795534,0.205482523488327,0.574740579443403,0.668317654433936,0.688131709890383,0.692142072011561,0.692990065740741
