"","workerid","questiontype","num_correct","mean_rt"
"1","62c5f85ccf34c8d9c0650f6e","control",10,5096.18181818182
"2","62c5f85ccf34c8d9c0650f6e","deception",10,5525.90909090909
"3","62c5f85ccf34c8d9c0650f6e","emotion",9,5919.3
"4","62c5f85ccf34c8d9c0650f6e","infer_belief",10,6231.81818181818
"5","62c5f85ccf34c8d9c0650f6e","motivation",9,7176.5
"6","62c5f85ccf34c8d9c0650f6e","social_norm_violation",7,8703.3
"7","65465c5bc5a014ec683d55cf","control",9,6568.54545454545
"8","65465c5bc5a014ec683d55cf","deception",8,12584.0909090909
"9","65465c5bc5a014ec683d55cf","emotion",8,11053.4
"10","65465c5bc5a014ec683d55cf","infer_belief",10,12583.2727272727
"11","65465c5bc5a014ec683d55cf","motivation",6,11559.8
"12","65465c5bc5a014ec683d55cf","social_norm_violation",5,15853.3
"13","661c09a749790db73f8faba5","control",11,5775
"14","661c09a749790db73f8faba5","deception",10,6642.09090909091
"15","661c09a749790db73f8faba5","emotion",6,6670.1
"16","661c09a749790db73f8faba5","infer_belief",10,10644.4545454545
"17","661c09a749790db73f8faba5","motivation",10,7056.6
"18","661c09a749790db73f8faba5","social_norm_violation",6,9597
"19","66315563a848526fcfa7555b","control",9,7712.27272727273
"20","66315563a848526fcfa7555b","deception",10,6156.90909090909
"21","66315563a848526fcfa7555b","emotion",6,8433.2
"22","66315563a848526fcfa7555b","infer_belief",10,8124.54545454545
"23","66315563a848526fcfa7555b","motivation",10,7815.9
"24","66315563a848526fcfa7555b","social_norm_violation",5,10329
"25","665795d82a087799023aaf0e","control",10,7556.45454545455
"26","665795d82a087799023aaf0e","deception",10,9017.63636363636
"27","665795d82a087799023aaf0e","emotion",9,9665.6
"28","665795d82a087799023aaf0e","infer_belief",11,10444.1818181818
"29","665795d82a087799023aaf0e","motivation",10,10481.2
"30","665795d82a087799023aaf0e","social_norm_violation",6,12473.7
"31","66da162f5538535e93490441","control",10,5713.09090909091
"32","66da162f5538535e93490441","deception",10,9138.09090909091
"33","66da162f5538535e93490441","emotion",8,8615.2
"34","66da162f5538535e93490441","infer_belief",11,9070.27272727273
"35","66da162f5538535e93490441","motivation",8,9423.5
"36","66da162f5538535e93490441","social_norm_violation",7,11660
"37","676956116c1a3416bf7b2afe","control",10,5077.09090909091
"38","676956116c1a3416bf7b2afe","deception",10,4680.72727272727
"39","676956116c1a3416bf7b2afe","emotion",7,4776.2
"40","676956116c1a3416bf7b2afe","infer_belief",11,5868.09090909091
"41","676956116c1a3416bf7b2afe","motivation",10,5118.9
"42","676956116c1a3416bf7b2afe","social_norm_violation",7,5579.6
"43","695ea002344d7ca1605c747a","control",9,5427.18181818182
"44","695ea002344d7ca1605c747a","deception",10,6231.27272727273
"45","695ea002344d7ca1605c747a","emotion",8,6874.8
"46","695ea002344d7ca1605c747a","infer_belief",10,8500.54545454545
"47","695ea002344d7ca1605c747a","motivation",9,8718.5
"48","695ea002344d7ca1605c747a","social_norm_violation",5,9325.9
"49","6965bd850ce22095dd7a84ca","control",7,6541.36363636364
"50","6965bd850ce22095dd7a84ca","deception",7,11993.3636363636
"51","6965bd850ce22095dd7a84ca","emotion",7,11551.1
"52","6965bd850ce22095dd7a84ca","infer_belief",6,8419.18181818182
"53","6965bd850ce22095dd7a84ca","motivation",6,12150.2
"54","6965bd850ce22095dd7a84ca","social_norm_violation",4,8734.4
"55","6978d830c5d415696508430d","control",5,3980.81818181818
"56","6978d830c5d415696508430d","deception",2,2224.90909090909
"57","6978d830c5d415696508430d","emotion",3,3038.8
"58","6978d830c5d415696508430d","infer_belief",5,3014.18181818182
"59","6978d830c5d415696508430d","motivation",6,3639.3
"60","6978d830c5d415696508430d","social_norm_violation",6,1950.5
"61","697a495862ac67423e8418b8","control",10,8053.63636363636
"62","697a495862ac67423e8418b8","deception",10,6836.72727272727
"63","697a495862ac67423e8418b8","emotion",6,7266
"64","697a495862ac67423e8418b8","infer_belief",11,7382.27272727273
"65","697a495862ac67423e8418b8","motivation",10,7477.7
"66","697a495862ac67423e8418b8","social_norm_violation",8,9067.8
"67","6980dfb784202dcf9736910f","control",10,5480.90909090909
"68","6980dfb784202dcf9736910f","deception",10,4185.90909090909
"69","6980dfb784202dcf9736910f","emotion",9,5510.9
"70","6980dfb784202dcf9736910f","infer_belief",11,5619.81818181818
"71","6980dfb784202dcf9736910f","motivation",10,4894.1
"72","6980dfb784202dcf9736910f","social_norm_violation",8,6000.7
"73","69864a705614c15728117b35","control",10,5003.27272727273
"74","69864a705614c15728117b35","deception",10,7700
"75","69864a705614c15728117b35","emotion",8,7647.2
"76","69864a705614c15728117b35","infer_belief",8,8220.18181818182
"77","69864a705614c15728117b35","motivation",10,7548.4
"78","69864a705614c15728117b35","social_norm_violation",7,10117.6
"79","6987875a0a8fa6ed9ef00726","control",10,8589.81818181818
"80","6987875a0a8fa6ed9ef00726","deception",10,10697.6363636364
"81","6987875a0a8fa6ed9ef00726","emotion",4,12224.3
"82","6987875a0a8fa6ed9ef00726","infer_belief",8,14690.7272727273
"83","6987875a0a8fa6ed9ef00726","motivation",9,12116
"84","6987875a0a8fa6ed9ef00726","social_norm_violation",6,12769.1
"85","699b610e2ba4bade6f39121b","control",11,8476.54545454545
"86","699b610e2ba4bade6f39121b","deception",10,10237.5454545455
"87","699b610e2ba4bade6f39121b","emotion",7,11069.2
"88","699b610e2ba4bade6f39121b","infer_belief",11,10713.0909090909
"89","699b610e2ba4bade6f39121b","motivation",10,10654.8
"90","699b610e2ba4bade6f39121b","social_norm_violation",6,14850.4
"91","699cebf39bc275a312ffd51c","control",9,6037.54545454545
"92","699cebf39bc275a312ffd51c","deception",9,10175.1818181818
"93","699cebf39bc275a312ffd51c","emotion",6,9072.1
"94","699cebf39bc275a312ffd51c","infer_belief",10,11002.6363636364
"95","699cebf39bc275a312ffd51c","motivation",9,8241.7
"96","699cebf39bc275a312ffd51c","social_norm_violation",5,10258
"97","699d45af20adaa6e1e89aa5a","control",11,4312.09090909091
"98","699d45af20adaa6e1e89aa5a","deception",10,5148.90909090909
"99","699d45af20adaa6e1e89aa5a","emotion",7,5220.7
"100","699d45af20adaa6e1e89aa5a","infer_belief",11,5112
"101","699d45af20adaa6e1e89aa5a","motivation",10,5296.6
"102","699d45af20adaa6e1e89aa5a","social_norm_violation",7,5426.9
"103","699e3cc79b0d3d96b469ca49","control",10,NA
"104","699e3cc79b0d3d96b469ca49","deception",10,6691.63636363636
"105","699e3cc79b0d3d96b469ca49","emotion",10,6991.9
"106","699e3cc79b0d3d96b469ca49","infer_belief",11,7549.36363636364
"107","699e3cc79b0d3d96b469ca49","motivation",10,6138.9
"108","699e3cc79b0d3d96b469ca49","social_norm_violation",8,6987.1
"109","69a0734d1d433d3694c8438f","control",11,5397.45454545455
"110","69a0734d1d433d3694c8438f","deception",10,5114.18181818182
"111","69a0734d1d433d3694c8438f","emotion",8,6394.9
"112","69a0734d1d433d3694c8438f","infer_belief",11,7499.18181818182
"113","69a0734d1d433d3694c8438f","motivation",10,6957.5
"114","69a0734d1d433d3694c8438f","social_norm_violation",6,11999.4
"115","69a6eb2bc679065ed1cecc51","control",8,5250
"116","69a6eb2bc679065ed1cecc51","deception",10,6224.36363636364
"117","69a6eb2bc679065ed1cecc51","emotion",10,6724.6
"118","69a6eb2bc679065ed1cecc51","infer_belief",10,6329.72727272727
"119","69a6eb2bc679065ed1cecc51","motivation",9,7323.4
"120","69a6eb2bc679065ed1cecc51","social_norm_violation",8,7543.3
"121","69a8cff018bead25e4a5d848","control",10,NA
"122","69a8cff018bead25e4a5d848","deception",8,NA
"123","69a8cff018bead25e4a5d848","emotion",4,8366.8
"124","69a8cff018bead25e4a5d848","infer_belief",8,NA
"125","69a8cff018bead25e4a5d848","motivation",6,NA
"126","69a8cff018bead25e4a5d848","social_norm_violation",5,NA
"127","69b19e44edf4d70aee145c16","control",9,6484.54545454545
"128","69b19e44edf4d70aee145c16","deception",10,8538
"129","69b19e44edf4d70aee145c16","emotion",7,6424.5
"130","69b19e44edf4d70aee145c16","infer_belief",11,8629.27272727273
"131","69b19e44edf4d70aee145c16","motivation",9,10300.8
"132","69b19e44edf4d70aee145c16","social_norm_violation",7,10827.4
"133","69b3193cce0978ad6db9fe7c","control",11,9390.27272727273
"134","69b3193cce0978ad6db9fe7c","deception",10,8710.45454545455
"135","69b3193cce0978ad6db9fe7c","emotion",5,11127.4
"136","69b3193cce0978ad6db9fe7c","infer_belief",8,12268.7272727273
"137","69b3193cce0978ad6db9fe7c","motivation",9,12306.7
"138","69b3193cce0978ad6db9fe7c","social_norm_violation",6,19187.1
"139","69b5c6bdbcf55371066f5e73","control",10,5024.54545454545
"140","69b5c6bdbcf55371066f5e73","deception",9,5356.54545454545
"141","69b5c6bdbcf55371066f5e73","emotion",9,4630.9
"142","69b5c6bdbcf55371066f5e73","infer_belief",11,7084.72727272727
"143","69b5c6bdbcf55371066f5e73","motivation",9,6540.1
"144","69b5c6bdbcf55371066f5e73","social_norm_violation",5,5347.5
"145","69ba37faee13f176e7635323","control",8,9860.18181818182
"146","69ba37faee13f176e7635323","deception",9,10913.7272727273
"147","69ba37faee13f176e7635323","emotion",8,10333.9
"148","69ba37faee13f176e7635323","infer_belief",10,10962
"149","69ba37faee13f176e7635323","motivation",8,10662.5
"150","69ba37faee13f176e7635323","social_norm_violation",8,10072.5
"151","69bdf2afe629d42bfc47997f","control",9,7242.36363636364
"152","69bdf2afe629d42bfc47997f","deception",10,9154
"153","69bdf2afe629d42bfc47997f","emotion",7,8668.1
"154","69bdf2afe629d42bfc47997f","infer_belief",10,9424.90909090909
"155","69bdf2afe629d42bfc47997f","motivation",10,9381.9
"156","69bdf2afe629d42bfc47997f","social_norm_violation",6,13189.7
"157","69c093d33989aa791c4e8b2d","control",0,NA
"158","69c093d33989aa791c4e8b2d","deception",0,NA
"159","69c093d33989aa791c4e8b2d","emotion",1,NA
"160","69c093d33989aa791c4e8b2d","infer_belief",0,NA
"161","69c093d33989aa791c4e8b2d","motivation",0,NA
"162","69c093d33989aa791c4e8b2d","social_norm_violation",0,NA
"163","69c1256faa88d6296c98d745","control",11,7910.54545454545
"164","69c1256faa88d6296c98d745","deception",10,12420.0909090909
"165","69c1256faa88d6296c98d745","emotion",5,13462.4
"166","69c1256faa88d6296c98d745","infer_belief",11,13648.9090909091
"167","69c1256faa88d6296c98d745","motivation",10,12970.9
"168","69c1256faa88d6296c98d745","social_norm_violation",6,12732.1
"169","69c2f0033339865c279814ca","control",11,7409.09090909091
"170","69c2f0033339865c279814ca","deception",9,7691.63636363636
"171","69c2f0033339865c279814ca","emotion",8,6468.1
"172","69c2f0033339865c279814ca","infer_belief",9,9081
"173","69c2f0033339865c279814ca","motivation",9,9064
"174","69c2f0033339865c279814ca","social_norm_violation",6,9665.7
"175","69c6ec3a92185003cf70ded5","control",11,4118.45454545455
"176","69c6ec3a92185003cf70ded5","deception",10,5795.36363636364
"177","69c6ec3a92185003cf70ded5","emotion",9,6267.1
"178","69c6ec3a92185003cf70ded5","infer_belief",10,5914.09090909091
"179","69c6ec3a92185003cf70ded5","motivation",10,6070.5
"180","69c6ec3a92185003cf70ded5","social_norm_violation",6,7463.2
"181","69cc1fac2b52b1c4dd21cc7d","control",8,6325.90909090909
"182","69cc1fac2b52b1c4dd21cc7d","deception",10,5978.63636363636
"183","69cc1fac2b52b1c4dd21cc7d","emotion",8,7035.5
"184","69cc1fac2b52b1c4dd21cc7d","infer_belief",10,8835.81818181818
"185","69cc1fac2b52b1c4dd21cc7d","motivation",10,6924.7
"186","69cc1fac2b52b1c4dd21cc7d","social_norm_violation",3,7257
"187","69cec122e3cb56c2e7000c6b","control",9,5975.54545454545
"188","69cec122e3cb56c2e7000c6b","deception",10,7721.72727272727
"189","69cec122e3cb56c2e7000c6b","emotion",6,8371
"190","69cec122e3cb56c2e7000c6b","infer_belief",9,8390.54545454545
"191","69cec122e3cb56c2e7000c6b","motivation",9,9553.6
"192","69cec122e3cb56c2e7000c6b","social_norm_violation",7,10716
"193","69d2a8765e19038ab2fc0f56","control",11,7981.90909090909
"194","69d2a8765e19038ab2fc0f56","deception",10,6890.72727272727
"195","69d2a8765e19038ab2fc0f56","emotion",6,10103.6
"196","69d2a8765e19038ab2fc0f56","infer_belief",11,11583.8181818182
"197","69d2a8765e19038ab2fc0f56","motivation",10,9722.8
"198","69d2a8765e19038ab2fc0f56","social_norm_violation",5,12568.9
"199","69d5632f4815bcc4cb7242bf","control",10,4969.45454545455
"200","69d5632f4815bcc4cb7242bf","deception",10,7570.36363636364
"201","69d5632f4815bcc4cb7242bf","emotion",10,7335.3
"202","69d5632f4815bcc4cb7242bf","infer_belief",10,8381.36363636364
"203","69d5632f4815bcc4cb7242bf","motivation",8,9108.6
"204","69d5632f4815bcc4cb7242bf","social_norm_violation",6,10579.6
"205","69d5c4d748bcaf8026c80573","control",10,6541
"206","69d5c4d748bcaf8026c80573","deception",10,8189.81818181818
"207","69d5c4d748bcaf8026c80573","emotion",9,10565.3
"208","69d5c4d748bcaf8026c80573","infer_belief",10,10044.4545454545
"209","69d5c4d748bcaf8026c80573","motivation",10,7606
"210","69d5c4d748bcaf8026c80573","social_norm_violation",8,12308.2
"211","69daf476f6bc0d990581aca6","control",11,4514.90909090909
"212","69daf476f6bc0d990581aca6","deception",10,5719.54545454545
"213","69daf476f6bc0d990581aca6","emotion",8,5124.6
"214","69daf476f6bc0d990581aca6","infer_belief",10,6155.54545454545
"215","69daf476f6bc0d990581aca6","motivation",10,6351.6
"216","69daf476f6bc0d990581aca6","social_norm_violation",8,7646.2
"217","69dbf4749918745fc7d8e820","control",10,8256
"218","69dbf4749918745fc7d8e820","deception",10,6954.36363636364
"219","69dbf4749918745fc7d8e820","emotion",7,8087.9
"220","69dbf4749918745fc7d8e820","infer_belief",10,8211.36363636364
"221","69dbf4749918745fc7d8e820","motivation",10,8875.3
"222","69dbf4749918745fc7d8e820","social_norm_violation",7,11222.5
"223","69dc76f0a77a620367d666ec","control",9,4215.81818181818
"224","69dc76f0a77a620367d666ec","deception",10,5006.81818181818
"225","69dc76f0a77a620367d666ec","emotion",9,4509
"226","69dc76f0a77a620367d666ec","infer_belief",9,7116.09090909091
"227","69dc76f0a77a620367d666ec","motivation",9,5400
"228","69dc76f0a77a620367d666ec","social_norm_violation",8,5978.2
"229","69dfe696c433039b7add8013","control",10,4226.09090909091
"230","69dfe696c433039b7add8013","deception",10,3767.45454545455
"231","69dfe696c433039b7add8013","emotion",8,5358.4
"232","69dfe696c433039b7add8013","infer_belief",9,5846.90909090909
"233","69dfe696c433039b7add8013","motivation",10,4225.6
"234","69dfe696c433039b7add8013","social_norm_violation",7,5784.1
"235","69e599577d00fb31c54fb004","control",9,7361
"236","69e599577d00fb31c54fb004","deception",10,8786.72727272727
"237","69e599577d00fb31c54fb004","emotion",8,7490.3
"238","69e599577d00fb31c54fb004","infer_belief",10,11707.3636363636
"239","69e599577d00fb31c54fb004","motivation",10,10819.4
"240","69e599577d00fb31c54fb004","social_norm_violation",6,12335.1
"241","69e816058da70eddb5dbc3e1","control",10,5421.36363636364
"242","69e816058da70eddb5dbc3e1","deception",10,5703.90909090909
"243","69e816058da70eddb5dbc3e1","emotion",8,5070.6
"244","69e816058da70eddb5dbc3e1","infer_belief",10,6325.27272727273
"245","69e816058da70eddb5dbc3e1","motivation",9,6994
"246","69e816058da70eddb5dbc3e1","social_norm_violation",6,6979.7
"247","69e957ad6c65e153a1c65ae2","control",10,4348
"248","69e957ad6c65e153a1c65ae2","deception",10,6376.27272727273
"249","69e957ad6c65e153a1c65ae2","emotion",9,5938
"250","69e957ad6c65e153a1c65ae2","infer_belief",11,6427.90909090909
"251","69e957ad6c65e153a1c65ae2","motivation",10,5811.8
"252","69e957ad6c65e153a1c65ae2","social_norm_violation",6,9385.3
"253","69ed15278090fe4438301d5c","control",10,5467.18181818182
"254","69ed15278090fe4438301d5c","deception",10,7056.36363636364
"255","69ed15278090fe4438301d5c","emotion",6,6696.2
"256","69ed15278090fe4438301d5c","infer_belief",10,6841.63636363636
"257","69ed15278090fe4438301d5c","motivation",10,7772.9
"258","69ed15278090fe4438301d5c","social_norm_violation",8,7554.6
"259","69efe0b03221edd72686c185","control",9,3911.45454545455
"260","69efe0b03221edd72686c185","deception",10,5047.27272727273
"261","69efe0b03221edd72686c185","emotion",8,5233.3
"262","69efe0b03221edd72686c185","infer_belief",10,4775.72727272727
"263","69efe0b03221edd72686c185","motivation",10,4888.5
"264","69efe0b03221edd72686c185","social_norm_violation",7,6659.1
"265","69f0438cc141b27ed949788e","control",10,5911.36363636364
"266","69f0438cc141b27ed949788e","deception",10,7578.18181818182
"267","69f0438cc141b27ed949788e","emotion",6,6709.3
"268","69f0438cc141b27ed949788e","infer_belief",10,8822.72727272727
"269","69f0438cc141b27ed949788e","motivation",8,8707.4
"270","69f0438cc141b27ed949788e","social_norm_violation",8,7917.8
"271","69f3d4f3fb7630947c56f1eb","control",10,NA
"272","69f3d4f3fb7630947c56f1eb","deception",9,NA
"273","69f3d4f3fb7630947c56f1eb","emotion",8,8323.2
"274","69f3d4f3fb7630947c56f1eb","infer_belief",9,NA
"275","69f3d4f3fb7630947c56f1eb","motivation",8,NA
"276","69f3d4f3fb7630947c56f1eb","social_norm_violation",5,NA
"277","69f6484996726366cacd162c","control",10,3559.45454545455
"278","69f6484996726366cacd162c","deception",10,4899
"279","69f6484996726366cacd162c","emotion",5,5941.6
"280","69f6484996726366cacd162c","infer_belief",9,4689.09090909091
"281","69f6484996726366cacd162c","motivation",10,3933.8
"282","69f6484996726366cacd162c","social_norm_violation",7,5451.4
"283","69f674db81cb46678aae6391","control",7,4911.09090909091
"284","69f674db81cb46678aae6391","deception",10,5897.54545454545
"285","69f674db81cb46678aae6391","emotion",8,7188.4
"286","69f674db81cb46678aae6391","infer_belief",10,6348.18181818182
"287","69f674db81cb46678aae6391","motivation",10,7013.2
"288","69f674db81cb46678aae6391","social_norm_violation",7,8110.8
"289","69f7b962446b32b08d58a1df","control",11,6652.09090909091
"290","69f7b962446b32b08d58a1df","deception",10,6549.27272727273
"291","69f7b962446b32b08d58a1df","emotion",6,9959.5
"292","69f7b962446b32b08d58a1df","infer_belief",11,9231.45454545455
"293","69f7b962446b32b08d58a1df","motivation",10,7601.9
"294","69f7b962446b32b08d58a1df","social_norm_violation",7,12813.6
"295","69f86a04fe802de5002bb70b","control",10,8232.54545454545
"296","69f86a04fe802de5002bb70b","deception",10,7511
"297","69f86a04fe802de5002bb70b","emotion",10,5287.8
"298","69f86a04fe802de5002bb70b","infer_belief",11,5604.18181818182
"299","69f86a04fe802de5002bb70b","motivation",10,5595.9
"300","69f86a04fe802de5002bb70b","social_norm_violation",7,6185.8
"301","69f8db35f08d6c337883fcb4","control",10,7128.54545454545
"302","69f8db35f08d6c337883fcb4","deception",8,9588
"303","69f8db35f08d6c337883fcb4","emotion",6,9030.3
"304","69f8db35f08d6c337883fcb4","infer_belief",7,9449.63636363636
"305","69f8db35f08d6c337883fcb4","motivation",8,8628.4
"306","69f8db35f08d6c337883fcb4","social_norm_violation",7,9285
"307","69fb3314a5e95601464d1fea","control",10,7367.72727272727
"308","69fb3314a5e95601464d1fea","deception",9,9449.54545454545
"309","69fb3314a5e95601464d1fea","emotion",6,8220.6
"310","69fb3314a5e95601464d1fea","infer_belief",11,8823.54545454545
"311","69fb3314a5e95601464d1fea","motivation",7,10350
"312","69fb3314a5e95601464d1fea","social_norm_violation",7,10996.4
"313","69fb86296fb6f0919bf31075","control",8,8607.81818181818
"314","69fb86296fb6f0919bf31075","deception",9,10944.3636363636
"315","69fb86296fb6f0919bf31075","emotion",7,9678.4
"316","69fb86296fb6f0919bf31075","infer_belief",11,11215.6363636364
"317","69fb86296fb6f0919bf31075","motivation",5,9706.7
"318","69fb86296fb6f0919bf31075","social_norm_violation",6,12439.5
"319","69fcc8642de981c893eb6958","control",10,7705
"320","69fcc8642de981c893eb6958","deception",10,7346
"321","69fcc8642de981c893eb6958","emotion",7,7951
"322","69fcc8642de981c893eb6958","infer_belief",9,9515.63636363636
"323","69fcc8642de981c893eb6958","motivation",10,7277.4
"324","69fcc8642de981c893eb6958","social_norm_violation",6,11583.5
"325","69fce9e45d612732dd1ae4e2","control",11,6395.27272727273
"326","69fce9e45d612732dd1ae4e2","deception",10,5879.72727272727
"327","69fce9e45d612732dd1ae4e2","emotion",8,6038
"328","69fce9e45d612732dd1ae4e2","infer_belief",10,8194.63636363636
"329","69fce9e45d612732dd1ae4e2","motivation",10,7608.8
"330","69fce9e45d612732dd1ae4e2","social_norm_violation",7,9188.9
"331","69fd3605435216c2d93bc72f","control",9,7500.63636363636
"332","69fd3605435216c2d93bc72f","deception",10,6622.72727272727
"333","69fd3605435216c2d93bc72f","emotion",7,6468.5
"334","69fd3605435216c2d93bc72f","infer_belief",9,9877
"335","69fd3605435216c2d93bc72f","motivation",10,10744.9
"336","69fd3605435216c2d93bc72f","social_norm_violation",8,9413.2
"337","6a00b0ca46e3f2822d0349b6","control",11,4329.54545454545
"338","6a00b0ca46e3f2822d0349b6","deception",10,4966.63636363636
"339","6a00b0ca46e3f2822d0349b6","emotion",8,6648.2
"340","6a00b0ca46e3f2822d0349b6","infer_belief",10,5873.36363636364
"341","6a00b0ca46e3f2822d0349b6","motivation",10,4767.4
"342","6a00b0ca46e3f2822d0349b6","social_norm_violation",7,5982.8
"343","6a00b4c7593a89490830c18c","control",11,6333.18181818182
"344","6a00b4c7593a89490830c18c","deception",9,8766.72727272727
"345","6a00b4c7593a89490830c18c","emotion",8,7344.3
"346","6a00b4c7593a89490830c18c","infer_belief",8,10196.8181818182
"347","6a00b4c7593a89490830c18c","motivation",9,8712
"348","6a00b4c7593a89490830c18c","social_norm_violation",8,10252.8
"349","6a00dbcc626a780a8e5c07a4","control",0,NA
"350","6a00dbcc626a780a8e5c07a4","deception",0,NA
"351","6a00dbcc626a780a8e5c07a4","emotion",1,NA
"352","6a00dbcc626a780a8e5c07a4","infer_belief",0,NA
"353","6a00dbcc626a780a8e5c07a4","motivation",0,NA
"354","6a00dbcc626a780a8e5c07a4","social_norm_violation",1,NA
"355","6a012d3c523e7311f4e55f61","control",10,4244.09090909091
"356","6a012d3c523e7311f4e55f61","deception",10,5677.36363636364
"357","6a012d3c523e7311f4e55f61","emotion",6,5791.8
"358","6a012d3c523e7311f4e55f61","infer_belief",10,6447.81818181818
"359","6a012d3c523e7311f4e55f61","motivation",10,5939.8
"360","6a012d3c523e7311f4e55f61","social_norm_violation",8,6058.8
"361","6a01e843af8198a220b44a18","control",9,5726.72727272727
"362","6a01e843af8198a220b44a18","deception",10,6907.54545454545
"363","6a01e843af8198a220b44a18","emotion",8,6068.4
"364","6a01e843af8198a220b44a18","infer_belief",11,8763.72727272727
"365","6a01e843af8198a220b44a18","motivation",10,10066.9
"366","6a01e843af8198a220b44a18","social_norm_violation",5,7323.3
"367","6a021dc98c730b8d3ce0deca","control",11,6293.63636363636
"368","6a021dc98c730b8d3ce0deca","deception",10,9750.81818181818
"369","6a021dc98c730b8d3ce0deca","emotion",8,9087.3
"370","6a021dc98c730b8d3ce0deca","infer_belief",10,12275.3636363636
"371","6a021dc98c730b8d3ce0deca","motivation",9,8707.1
"372","6a021dc98c730b8d3ce0deca","social_norm_violation",5,10945.9
"373","6a023ad806e8158958e73b75","control",10,NA
"374","6a023ad806e8158958e73b75","deception",10,7512.45454545455
"375","6a023ad806e8158958e73b75","emotion",8,6518
"376","6a023ad806e8158958e73b75","infer_belief",9,9332.54545454545
"377","6a023ad806e8158958e73b75","motivation",9,7305.5
"378","6a023ad806e8158958e73b75","social_norm_violation",7,7943.1
"379","6a04948f1e40214a25ff2563","control",10,4970.54545454545
"380","6a04948f1e40214a25ff2563","deception",10,5551.09090909091
"381","6a04948f1e40214a25ff2563","emotion",7,6341.2
"382","6a04948f1e40214a25ff2563","infer_belief",10,6989.45454545455
"383","6a04948f1e40214a25ff2563","motivation",10,5626.6
"384","6a04948f1e40214a25ff2563","social_norm_violation",6,9439.4
"385","6a05131f0ad03d07dd77178e","control",11,7347.81818181818
"386","6a05131f0ad03d07dd77178e","deception",10,8927.72727272727
"387","6a05131f0ad03d07dd77178e","emotion",8,8897.4
"388","6a05131f0ad03d07dd77178e","infer_belief",10,10052.6363636364
"389","6a05131f0ad03d07dd77178e","motivation",10,9494.8
"390","6a05131f0ad03d07dd77178e","social_norm_violation",8,13463.1
"391","6a07687bad5809e8867bdffb","control",10,5496
"392","6a07687bad5809e8867bdffb","deception",9,6415.90909090909
"393","6a07687bad5809e8867bdffb","emotion",7,6401.3
"394","6a07687bad5809e8867bdffb","infer_belief",10,7520.18181818182
"395","6a07687bad5809e8867bdffb","motivation",8,8224
"396","6a07687bad5809e8867bdffb","social_norm_violation",5,7832.9
"397","6a0a0fd9f370053c3505dc0f","control",9,4824.09090909091
"398","6a0a0fd9f370053c3505dc0f","deception",10,5618.81818181818
"399","6a0a0fd9f370053c3505dc0f","emotion",7,4581.6
"400","6a0a0fd9f370053c3505dc0f","infer_belief",8,5867.54545454545
"401","6a0a0fd9f370053c3505dc0f","motivation",7,5099
"402","6a0a0fd9f370053c3505dc0f","social_norm_violation",4,7870.4
"403","6a0b7296246f70341f078e55","control",11,4648.81818181818
"404","6a0b7296246f70341f078e55","deception",10,7023.81818181818
"405","6a0b7296246f70341f078e55","emotion",9,7321.7
"406","6a0b7296246f70341f078e55","infer_belief",10,8125.54545454545
"407","6a0b7296246f70341f078e55","motivation",10,9291.6
"408","6a0b7296246f70341f078e55","social_norm_violation",5,13746.2
"409","6a0b756dd47d16a4c82f5589","control",11,3185.18181818182
"410","6a0b756dd47d16a4c82f5589","deception",10,3817.81818181818
"411","6a0b756dd47d16a4c82f5589","emotion",9,4491.8
"412","6a0b756dd47d16a4c82f5589","infer_belief",11,4666.36363636364
"413","6a0b756dd47d16a4c82f5589","motivation",10,3718.7
"414","6a0b756dd47d16a4c82f5589","social_norm_violation",6,6224.5
"415","6a0dbb470d44c02c7ec444f0","control",10,7317.90909090909
"416","6a0dbb470d44c02c7ec444f0","deception",10,8841.63636363636
"417","6a0dbb470d44c02c7ec444f0","emotion",6,9148.4
"418","6a0dbb470d44c02c7ec444f0","infer_belief",10,9175
"419","6a0dbb470d44c02c7ec444f0","motivation",9,9072.8
"420","6a0dbb470d44c02c7ec444f0","social_norm_violation",6,11239.4
"421","6a0dfefeb75ae8ac09c192c6","control",10,7852.45454545455
"422","6a0dfefeb75ae8ac09c192c6","deception",9,9130.63636363636
"423","6a0dfefeb75ae8ac09c192c6","emotion",7,10583.9
"424","6a0dfefeb75ae8ac09c192c6","infer_belief",11,9331.63636363636
"425","6a0dfefeb75ae8ac09c192c6","motivation",10,10413.9
"426","6a0dfefeb75ae8ac09c192c6","social_norm_violation",8,11883.4
"427","6a0e0a9490e868c044e21936","control",9,6586.27272727273
"428","6a0e0a9490e868c044e21936","deception",10,7278.54545454545
"429","6a0e0a9490e868c044e21936","emotion",7,7814
"430","6a0e0a9490e868c044e21936","infer_belief",11,8324.09090909091
"431","6a0e0a9490e868c044e21936","motivation",9,8817.8
"432","6a0e0a9490e868c044e21936","social_norm_violation",5,9830.8
"433","6a0e2d716e90edf1ea83dce1","control",11,6381.18181818182
"434","6a0e2d716e90edf1ea83dce1","deception",10,9423.36363636364
"435","6a0e2d716e90edf1ea83dce1","emotion",8,7581
"436","6a0e2d716e90edf1ea83dce1","infer_belief",11,12949.3636363636
"437","6a0e2d716e90edf1ea83dce1","motivation",10,8532.7
"438","6a0e2d716e90edf1ea83dce1","social_norm_violation",8,10849.7
"439","6a0f1056788a67850f057de4","control",11,8162.54545454545
"440","6a0f1056788a67850f057de4","deception",10,8129.45454545455
"441","6a0f1056788a67850f057de4","emotion",7,7364.6
"442","6a0f1056788a67850f057de4","infer_belief",10,8015
"443","6a0f1056788a67850f057de4","motivation",10,6514.1
"444","6a0f1056788a67850f057de4","social_norm_violation",3,9571.6
"445","6a0fdfd2db4241c9e5eca29a","control",10,7117
"446","6a0fdfd2db4241c9e5eca29a","deception",10,6597.90909090909
"447","6a0fdfd2db4241c9e5eca29a","emotion",10,6489.5
"448","6a0fdfd2db4241c9e5eca29a","infer_belief",10,6394.90909090909
"449","6a0fdfd2db4241c9e5eca29a","motivation",10,6719.3
"450","6a0fdfd2db4241c9e5eca29a","social_norm_violation",7,9332.5
"451","6a14434573bcee3f17b7f762","control",8,NA
"452","6a14434573bcee3f17b7f762","deception",9,NA
"453","6a14434573bcee3f17b7f762","emotion",7,8819.3
"454","6a14434573bcee3f17b7f762","infer_belief",7,NA
"455","6a14434573bcee3f17b7f762","motivation",7,NA
"456","6a14434573bcee3f17b7f762","social_norm_violation",3,NA
"457","6a14c736578656591db6ea31","control",10,3504.54545454545
"458","6a14c736578656591db6ea31","deception",10,5202.45454545455
"459","6a14c736578656591db6ea31","emotion",7,5208.3
"460","6a14c736578656591db6ea31","infer_belief",11,6368.81818181818
"461","6a14c736578656591db6ea31","motivation",10,5500.1
"462","6a14c736578656591db6ea31","social_norm_violation",6,6102.8
"463","6a14c84872f3851ab32e8c01","control",11,4944.36363636364
"464","6a14c84872f3851ab32e8c01","deception",10,6315.45454545455
"465","6a14c84872f3851ab32e8c01","emotion",9,6658.6
"466","6a14c84872f3851ab32e8c01","infer_belief",11,7472.36363636364
"467","6a14c84872f3851ab32e8c01","motivation",10,6434.6
"468","6a14c84872f3851ab32e8c01","social_norm_violation",8,7221.3
"469","6a14e67cf20909f60e34ae64","control",8,8282.72727272727
"470","6a14e67cf20909f60e34ae64","deception",10,7669.27272727273
"471","6a14e67cf20909f60e34ae64","emotion",8,9544.6
"472","6a14e67cf20909f60e34ae64","infer_belief",10,8223
"473","6a14e67cf20909f60e34ae64","motivation",9,8741.2
"474","6a14e67cf20909f60e34ae64","social_norm_violation",8,9274.8
"475","6a14ed7d826b3c0b54334269","control",11,5366.09090909091
"476","6a14ed7d826b3c0b54334269","deception",9,5394.90909090909
"477","6a14ed7d826b3c0b54334269","emotion",8,6242.2
"478","6a14ed7d826b3c0b54334269","infer_belief",11,6649.18181818182
"479","6a14ed7d826b3c0b54334269","motivation",10,6070.8
"480","6a14ed7d826b3c0b54334269","social_norm_violation",7,6336.2
"481","6a150fcbc5238897c2c9408e","control",9,11258.1818181818
"482","6a150fcbc5238897c2c9408e","deception",10,8638.36363636364
"483","6a150fcbc5238897c2c9408e","emotion",10,9222.8
"484","6a150fcbc5238897c2c9408e","infer_belief",10,8626
"485","6a150fcbc5238897c2c9408e","motivation",10,9577.9
"486","6a150fcbc5238897c2c9408e","social_norm_violation",6,13299.8
"487","6a1582166cefcdcbed565058","control",10,5192.81818181818
"488","6a1582166cefcdcbed565058","deception",10,7867
"489","6a1582166cefcdcbed565058","emotion",5,9274.9
"490","6a1582166cefcdcbed565058","infer_belief",10,8268.54545454545
"491","6a1582166cefcdcbed565058","motivation",10,7792.6
"492","6a1582166cefcdcbed565058","social_norm_violation",6,11368.1
"493","6a15d5fb80117206e7200cf7","control",8,5792.27272727273
"494","6a15d5fb80117206e7200cf7","deception",9,7327.18181818182
"495","6a15d5fb80117206e7200cf7","emotion",5,8460
"496","6a15d5fb80117206e7200cf7","infer_belief",10,8802
"497","6a15d5fb80117206e7200cf7","motivation",7,14266
"498","6a15d5fb80117206e7200cf7","social_norm_violation",6,12603.1
"499","6a15dfdb880253e5b6b917f3","control",9,6759.63636363636
"500","6a15dfdb880253e5b6b917f3","deception",7,8214
"501","6a15dfdb880253e5b6b917f3","emotion",6,6307.6
"502","6a15dfdb880253e5b6b917f3","infer_belief",11,8876.54545454545
"503","6a15dfdb880253e5b6b917f3","motivation",10,7752.2
"504","6a15dfdb880253e5b6b917f3","social_norm_violation",7,9964.4
"505","6a177f7ec67996448d9c7d41","control",0,NA
"506","6a177f7ec67996448d9c7d41","deception",0,NA
"507","6a177f7ec67996448d9c7d41","emotion",3,NA
"508","6a177f7ec67996448d9c7d41","infer_belief",1,NA
"509","6a177f7ec67996448d9c7d41","motivation",2,NA
"510","6a177f7ec67996448d9c7d41","social_norm_violation",1,NA
"511","6a18b37c0157d881234ed29f","control",11,4175.09090909091
"512","6a18b37c0157d881234ed29f","deception",10,4904.81818181818
"513","6a18b37c0157d881234ed29f","emotion",8,4171.9
"514","6a18b37c0157d881234ed29f","infer_belief",10,4504.81818181818
"515","6a18b37c0157d881234ed29f","motivation",9,4197.9
"516","6a18b37c0157d881234ed29f","social_norm_violation",8,5175.9
"517","6a199661a2f63c5bf9835b2e","control",11,5216.09090909091
"518","6a199661a2f63c5bf9835b2e","deception",10,6639.27272727273
"519","6a199661a2f63c5bf9835b2e","emotion",8,6669.3
"520","6a199661a2f63c5bf9835b2e","infer_belief",10,6908.09090909091
"521","6a199661a2f63c5bf9835b2e","motivation",10,7097.9
"522","6a199661a2f63c5bf9835b2e","social_norm_violation",8,6760.5
"523","6a1a3e6d47ea4b557072cc4d","control",9,4976.72727272727
"524","6a1a3e6d47ea4b557072cc4d","deception",9,6336.45454545455
"525","6a1a3e6d47ea4b557072cc4d","emotion",7,4469.2
"526","6a1a3e6d47ea4b557072cc4d","infer_belief",8,7679.54545454545
"527","6a1a3e6d47ea4b557072cc4d","motivation",10,5739.9
"528","6a1a3e6d47ea4b557072cc4d","social_norm_violation",8,6407.7
"529","6a1ae40320c9511f890515f7","control",10,4779.54545454545
"530","6a1ae40320c9511f890515f7","deception",10,8003.09090909091
"531","6a1ae40320c9511f890515f7","emotion",6,6881
"532","6a1ae40320c9511f890515f7","infer_belief",9,9299.63636363636
"533","6a1ae40320c9511f890515f7","motivation",9,9191.9
"534","6a1ae40320c9511f890515f7","social_norm_violation",8,11223.4
"535","6a1b544246f12219f033d3c3","control",10,4342.09090909091
"536","6a1b544246f12219f033d3c3","deception",9,5360.63636363636
"537","6a1b544246f12219f033d3c3","emotion",10,6126.7
"538","6a1b544246f12219f033d3c3","infer_belief",10,6228.63636363636
"539","6a1b544246f12219f033d3c3","motivation",10,5850.1
"540","6a1b544246f12219f033d3c3","social_norm_violation",6,7461.3
"541","6a1cb95bf369926ac77ea9e5","control",10,NA
"542","6a1cb95bf369926ac77ea9e5","deception",9,NA
"543","6a1cb95bf369926ac77ea9e5","emotion",9,9295.3
"544","6a1cb95bf369926ac77ea9e5","infer_belief",8,NA
"545","6a1cb95bf369926ac77ea9e5","motivation",7,NA
"546","6a1cb95bf369926ac77ea9e5","social_norm_violation",6,NA
"547","6a1de36b3f5c6160ff6bf6a4","control",10,6552.36363636364
"548","6a1de36b3f5c6160ff6bf6a4","deception",9,5628.54545454545
"549","6a1de36b3f5c6160ff6bf6a4","emotion",9,7619.1
"550","6a1de36b3f5c6160ff6bf6a4","infer_belief",11,6246.72727272727
"551","6a1de36b3f5c6160ff6bf6a4","motivation",9,6172.7
"552","6a1de36b3f5c6160ff6bf6a4","social_norm_violation",8,9099.9
"553","6a1f0ef7a64d44c972d3a5f7","control",0,NA
"554","6a1f0ef7a64d44c972d3a5f7","deception",0,NA
"555","6a1f0ef7a64d44c972d3a5f7","emotion",1,NA
"556","6a1f0ef7a64d44c972d3a5f7","infer_belief",0,NA
"557","6a1f0ef7a64d44c972d3a5f7","motivation",0,NA
"558","6a1f0ef7a64d44c972d3a5f7","social_norm_violation",1,NA
"559","6a1f832105dd8c89b5e930ad","control",9,4799.90909090909
"560","6a1f832105dd8c89b5e930ad","deception",10,4855.36363636364
"561","6a1f832105dd8c89b5e930ad","emotion",5,5364.4
"562","6a1f832105dd8c89b5e930ad","infer_belief",10,6673.45454545455
"563","6a1f832105dd8c89b5e930ad","motivation",10,7975.6
"564","6a1f832105dd8c89b5e930ad","social_norm_violation",6,6255
"565","6a2222ff6e1036656b0d5d08","control",9,4423.81818181818
"566","6a2222ff6e1036656b0d5d08","deception",10,4666.63636363636
"567","6a2222ff6e1036656b0d5d08","emotion",8,4592.8
"568","6a2222ff6e1036656b0d5d08","infer_belief",9,5396.36363636364
"569","6a2222ff6e1036656b0d5d08","motivation",9,5180
"570","6a2222ff6e1036656b0d5d08","social_norm_violation",5,4962.8
"571","6a232745f21e165e2b54ed58","control",0,NA
"572","6a232745f21e165e2b54ed58","deception",0,NA
"573","6a232745f21e165e2b54ed58","emotion",3,NA
"574","6a232745f21e165e2b54ed58","infer_belief",1,NA
"575","6a232745f21e165e2b54ed58","motivation",1,NA
"576","6a232745f21e165e2b54ed58","social_norm_violation",1,NA
"577","6a2482e9af72b55296872b0d","control",0,NA
"578","6a2482e9af72b55296872b0d","deception",0,NA
"579","6a2482e9af72b55296872b0d","emotion",1,NA
"580","6a2482e9af72b55296872b0d","infer_belief",0,NA
"581","6a2482e9af72b55296872b0d","motivation",0,NA
"582","6a2482e9af72b55296872b0d","social_norm_violation",0,NA
"583","6a2589e7b0645f2f7f1cc52c","control",9,5337.81818181818
"584","6a2589e7b0645f2f7f1cc52c","deception",10,6637
"585","6a2589e7b0645f2f7f1cc52c","emotion",6,6968.1
"586","6a2589e7b0645f2f7f1cc52c","infer_belief",8,7927.09090909091
"587","6a2589e7b0645f2f7f1cc52c","motivation",7,7933.1
"588","6a2589e7b0645f2f7f1cc52c","social_norm_violation",6,7739.4
"589","6a3607f677860830aca5bdeb","control",9,5675.09090909091
"590","6a3607f677860830aca5bdeb","deception",9,5847
"591","6a3607f677860830aca5bdeb","emotion",7,5931.3
"592","6a3607f677860830aca5bdeb","infer_belief",8,5700.27272727273
"593","6a3607f677860830aca5bdeb","motivation",10,7719.5
"594","6a3607f677860830aca5bdeb","social_norm_violation",6,6147.7
